CREATE DATABASE  IF NOT EXISTS `id10834767_mydb` /*!40100 DEFAULT CHARACTER SET utf8 */;
USE `id10834767_mydb`;
-- MySQL dump 10.13  Distrib 5.7.12, for Win64 (x86_64)
--
-- Host: localhost    Database: id10834767_mydb
-- ------------------------------------------------------
-- Server version	5.7.17-log

/*!40101 SET @OLD_CHARACTER_SET_CLIENT=@@CHARACTER_SET_CLIENT */;
/*!40101 SET @OLD_CHARACTER_SET_RESULTS=@@CHARACTER_SET_RESULTS */;
/*!40101 SET @OLD_COLLATION_CONNECTION=@@COLLATION_CONNECTION */;
/*!40101 SET NAMES utf8 */;
/*!40103 SET @OLD_TIME_ZONE=@@TIME_ZONE */;
/*!40103 SET TIME_ZONE='+00:00' */;
/*!40014 SET @OLD_UNIQUE_CHECKS=@@UNIQUE_CHECKS, UNIQUE_CHECKS=0 */;
/*!40014 SET @OLD_FOREIGN_KEY_CHECKS=@@FOREIGN_KEY_CHECKS, FOREIGN_KEY_CHECKS=0 */;
/*!40101 SET @OLD_SQL_MODE=@@SQL_MODE, SQL_MODE='NO_AUTO_VALUE_ON_ZERO' */;
/*!40111 SET @OLD_SQL_NOTES=@@SQL_NOTES, SQL_NOTES=0 */;

--
-- Table structure for table `bus`
--

DROP TABLE IF EXISTS `bus`;
/*!40101 SET @saved_cs_client     = @@character_set_client */;
/*!40101 SET character_set_client = utf8 */;
CREATE TABLE `bus` (
  `RegNo` varchar(45) NOT NULL,
  `Name` varchar(45) DEFAULT NULL,
  `RouteID` int(11) DEFAULT NULL,
  `Contact` varchar(15) DEFAULT NULL,
  `Category` int(1) DEFAULT NULL,
  `Express` int(1) DEFAULT NULL,
  `Latitude` varchar(15) DEFAULT NULL,
  `Longitude` varchar(15) DEFAULT NULL,
  `Speed` int(11) DEFAULT NULL,
  `LastUpdated` datetime DEFAULT NULL,
  `Available` time DEFAULT NULL,
  `Direction` int(1) DEFAULT '1',
  `Journey` int(11) DEFAULT NULL,
  `OwnerID` int(11) DEFAULT NULL,
  PRIMARY KEY (`RegNo`)
) ENGINE=InnoDB DEFAULT CHARSET=utf8;
/*!40101 SET character_set_client = @saved_cs_client */;

--
-- Dumping data for table `bus`
--

LOCK TABLES `bus` WRITE;
/*!40000 ALTER TABLE `bus` DISABLE KEYS */;
INSERT INTO `bus` VALUES ('NA-1000','Bus1',16,'073-123456789',0,0,'6.311100','80.867477',56,'2020-01-02 13:08:33','08:50:00',1,1,1),('NA-1002','Bus2',16,'0778795794',0,0,'5.918282','80.588394',0,'2020-01-02 00:00:00','10:23:15',1,1,1),('NA-1003','Bus3',17,'0124578885',0,0,'5.97377','80.429581',0,'2020-01-02 00:00:00','09:45:00',1,1,1),('NA-1004','Bus4',16,'0716941286',0,0,'6.311100','80.867477',0,'2020-01-02 13:08:33','09:00:00',0,1,2),('NA-1005','Bus5',16,'0775692348',0,0,'	5.943375	','	80.549609',0,'2020-01-02 13:08:33','09:20:00',0,1,2),('NA-1006','Bus6',16,'0725486954',0,0,'	5.943375	','	80.549609',0,'2020-01-02 13:08:33','12:00:00',1,2,2),('NA-1007','Bus7',17,'0715486695',0,0,'6.331787	','80.856238',0,'2020-01-02 13:08:33','10:00:00',1,1,2),('NA-1008','Bus8',17,'0765486957',0,0,'6.331787	','80.856238',0,'2020-01-02 13:08:33','13:00:00',0,2,3),('NA-1009','Bus9',17,'0756984578',0,0,'6.331787	','80.856238',0,'2020-01-02 13:08:33','17:00:00',0,2,3),('NA-1010','Bus10',16,'0715489632',0,0,'6.331787	','80.856238',0,'2020-01-02 13:08:33','16:00:00',1,2,3),('NA-1011','Bus11',18,'0758496540',0,0,'5.943375	','80.549609',0,'2020-01-02 13:08:33','12:00:00',1,2,3),('NA-1012','Bus12',18,'0715476954',0,0,'5.943375	','80.549609',0,'2020-01-02 13:08:33','16:00:00',0,3,4),('NA-1013','Bus13',18,'0726584789',0,0,'	6.028168	','	80.794765',0,'2020-01-02 13:08:33','08:00:00',1,1,4),('NA-1014','Bus14',18,'0775496852',0,0,'	6.028168	','	80.794765',0,'2020-01-02 13:08:33','10:00:00',0,1,5),('NA-1015','Bus15',16,'0725489632',1,0,'5.943375	','80.549609',0,'2020-01-02 13:08:33','04:00:00',1,3,5);
/*!40000 ALTER TABLE `bus` ENABLE KEYS */;
UNLOCK TABLES;

--
-- Table structure for table `location`
--

DROP TABLE IF EXISTS `location`;
/*!40101 SET @saved_cs_client     = @@character_set_client */;
/*!40101 SET character_set_client = utf8 */;
CREATE TABLE `location` (
  `ID` int(11) NOT NULL AUTO_INCREMENT,
  `Name` varchar(150) NOT NULL,
  `Latitude` varchar(15) DEFAULT NULL,
  `Longitude` varchar(15) DEFAULT NULL,
  `Type` int(1) DEFAULT '0',
  PRIMARY KEY (`ID`),
  UNIQUE KEY `Name_UNIQUE` (`Name`)
) ENGINE=InnoDB AUTO_INCREMENT=390 DEFAULT CHARSET=utf8;
/*!40101 SET character_set_client = @saved_cs_client */;

--
-- Dumping data for table `location`
--

LOCK TABLES `location` WRITE;
/*!40000 ALTER TABLE `location` DISABLE KEYS */;
INSERT INTO `location` VALUES (34,'Matara Bus stand','5.943375','80.549609',1),(36,'Eliyakanda Boys Hostal','5.941364','80.566249',2),(37,'Mahiyangana Bus Stand','7.338161','80.992492',1),(38,'Kirihala-Mahiyangana','7.339832','80.991308',2),(39,'palamhandiya','7.336934','80.983424',2),(40,'Amba Sewana-Palamhandiya','7.336873','80.982462',2),(41,'Kandy Bus Stand','7.289479','80.631072',1),(42,'palamhandiya- halt 1','7.338408','80.979940',2),(43,'palamhandiya- halt 2','7.343434','80.978423',2),(44,'palamhandiya- halt 3','7.347253','80.973979',2),(45,'Sewala Bokkuwa','7.350115','80.970633',2),(46,'Pallewaththa School','7.352243','80.966705',2),(47,'Pallewaththa  sugatharamaya','7.352589','80.962710',2),(48,'Hasalaka halt 1','7.351974','80.956309',2),(49,'Hasalaka','7.352100','80.952877',1),(50,'Haslaka halt 1','7.351145','80.948235',2),(51,'Ududha piriwena','7.349917','80.944858',2),(52,'Ududha piriwena halt ','7.346834','80.944034',2),(53,'Ududha-Gurulupotha','7.345226','80.935631',2),(54,'Gurulupotha','7.341354','80.928445',2),(55,'Gurulupotha halt ','7.349330','80.921993',2),(56,'Gurulupotha halt 1','7.349638','80.920558',2),(57,'Daha ata wanguwa (35)','7.345813','80.913329',2),(58,'Janaka Hotel','7.341553','80.912661',2),(59,'Dulanjali Hotel halt','7.334446','80.912921',2),(60,'Thanmitiyane','7.326172','80.908900',2),(61,'Filling Station-udadumbara','7.327596','80.887166',2),(62,'Udadumbara Entarence','7.321080','80.883644',2),(63,'Udadumbara','7.318768','80.878142',2),(64,'Mudugalla','7.316549','80.872338',2),(65,'Hunnasgiriya','7.311967','80.869933',2),(66,'Kiripattiya halt','7.296494','80.865866',2),(67,'Hunnasgiriya Milk bar','7.294151','80.855201',2),(68,'Galekel halt','7.292258','80.836641',2),(69,'Wethalawa Junction','7.292019','80.830298',2),(70,'Bomure','7.286645','80.818859',2),(71,'Madamahanuwara','7.289014','80.817408',1),(72,'Madamahanuwara Temple','7.283863','80.813612',2),(73,'Moragahamula','7.278862',' 80.810463',2),(74,'Moragahamula Buddhist center','7.281256','80.807568',2),(75,'Wegala Ella','7.285044','80.800833',1),(76,'Wegala ','7.283641','80.794429',2),(77,'Wegala halt 1','7.284163',' 80.791242',2),(78,'Miyuguna Hotel','7.287549','80.781926',2),(79,'Rambukwaela','7.293589','80.776814',2),(80,'Theldeniya City Depot','7.315221','80.758645',2),(81,'Madapola','7.317636','80.756068',2),(82,'Kuballoluwa','7.322031','80.751818',2),(83,'Kuballoluwa halt 1','7.327119','80.746096',2),(84,'Oruthota','7.327905','80.743615',2),(85,'Oruthota halt 1','7.325062','80.741994',2),(86,'Gonawala','7.314427','80.735366',2),(87,'Digana','7.299188','80.734781',2),(88,'Digana vilage','7.295897','80.729934',2),(89,'Disanayaka Stores','7.294172',' 80.725943',2),(90,'Kengalla','7.291708','80.721425',2),(91,'Balagolla','7.284063','80.722065',2),(92,'idb','7.283303','80.719490',2),(93,'Balagolla pansala','7.284952',' 80.716677',2),(94,'Balagolla Kowila','7.287333','80.713997',2),(95,'Balagolla juction','7.288962','80.713031',2),(96,'pachchakatuwa','7.284768','80.705614',2),(97,'provincial councial','7.281315','80.696662',2),(98,'clock Tower (Ziba campus)','7.280461','80.695778',2),(99,'Embilipitiya Bus Stand','6.331787','80.856238',1),(100,'D.A.Rajapaksha Memorial hall','6.329361','80.858879',4),(101,'Kothalawala Junction ','6.326388','80.861611',2),(102,'Ajith Auto Showroom ','6.323014','80.863755',4),(103,'Udamaluwa junction','7.281967',' 80.690824',2),(104,'Warapitiya','7.281485',' 80.686714',2),(105,'Warapitiya halt 1','7.280770','80.684002',2),(106,'Police Collage','7.280427','80.683479',2),(107,'Ronako halt','7.279947','80.681900',2),(108,'hansika Trading halt','7.279159','80.679195',2),(109,'Kalapura Junction','7.279878','80.676153',2),(110,'Kundasale','7.280908',' 80.673445',2),(111,'Naththaranpotha junction','7.281580','80.670633',2),(112,'Thannekubura','7.281852','80.666014',2),(113,'Thalwatta','7.292668','80.653456',2),(114,'lewalla junction','7.294351','80.650003',2),(115,'Buwalikada shed','7.293178','80.649172',2),(116,'Buwalikada ','7.290777','80.646628',2),(117,'maligawa','7.291913','80.643473',2),(118,'maligawa primary','7.290323','80.644251',2),(119,'mahamaya School','7.287797','80.645861',2),(120,'hotel suiss','7.289322','80.643736',2),(121,'Lake roud','7.291210','80.637699',2),(122,'Kandy clock tower','7.293354','80.634553',4),(123,'Chandrika wewa sluice gate','6.305426','80.869472',2),(124,'Clock tower-Kandy','7.293059','80.634724',2),(125,'milk bar -bogambara','7.291818','80.633627',2),(126,'Colombo Bus stand(private)','6.933484','79.856474',1),(127,'Lake  junction-kandy','7.291693',' 80.635038',4),(128,'Bogambara stadium ','7.289635','80.635773',4),(129,'Ehelepola kumarihami mawatha','7.290107','80.634258',4),(130,'baladaksha mawatha','7.290195',' 80.633909',4),(131,'baladaksha mawatha junction','7.289536','80.632796',4),(132,'kandy hospital','7.288055','80.631518',2),(133,'Kandy clock tower halt 1','7.292635','80.635009',4),(134,'Keppitiya halt','7.291522','80.633998',4),(135,'Keppitiya halt 1','7.291142','80.634364 ',4),(136,'Gambara Dewalaya','6.417348','80.785619',4),(137,'Dalukmandiya','6.378787','80.819201',3),(138,'Deiyannewela','7.286496','80.629278',2),(139,'Randles hill','7.278605','80.618124',2),(140,'Gatabe Clock towe','7.271706','80.605291',4),(141,'Dangolla junction','7.270572',' 80.604857',2),(142,'Rajawathta','7.267885','80.602259',2),(143,'Rajawathta hospital','7.267916',' 80.599178',2),(144,'Peradeniya Gudns','7.267574','80.596605',2),(145,'Galaha jct','7.265577','80.595783',2),(146,'Moraketiya Junction','6.334047','6.334047',4),(147,'Peradeniya bridge','7.264107',' 80.592924',4),(148,'Peradeniya ','7.265667','80.592667',2),(149,'Gatabe junction','7.271453',' 80.605584',4),(150,'Embilipitiya maha vidyalaya','6.336761','80.845809',2),(151,'Hinguraara','6.349600','80.840228',4),(152,'Hinguraara bus halt','6.350806','80.834422',2),(153,'99 juction','6.371171','80.825706',2),(154,'97 junction','6.393840','80.810296',2),(155,'96 junction','6.402358','80.803557',2),(156,'Udawalawa juction','6.410784','80.796464',2),(157,'Miriswalpotha junction','6.426579','80.772059',2),(158,'Drmatagala','6.445430','80.752288',2),(159,'Wellawa juction','6.457184','80.733291',2),(160,'Girandura','6.474902','80.725245',2),(161,'Kopiwaththa','6.4788672','80.713953',3),(162,'Pallebedda','6.481726','80.708458',1),(163,'Ranwala junction','6.480425','80.702198',2),(164,'Balwainna','6.489406','80.681188',2),(165,'Nugasewana watta','6.494966','80.674013',2),(166,'Godakawela 2','6.504223','80.652210',2),(167,'Godakawela 1','6.503983','80.645982',2),(168,'Galahitiya junction','6.512480','80.623301',2),(169,'Ridivita road maragala','6.518769','80.609794',2),(170,'Kavuduwawa','6.525629','80.601509',3),(171,'Madampe Junction','6.533591','80.593688',2),(172,'Ambalanwatta','6.541117','80.588023',2),(173,'Wellandura','6.556039','80.580685',2),(174,'Pavan Hotel','6.565227','80.578174',4),(175,'Yainna Junction','6.572176','80.573883',2),(176,'Kahawatta','6.583154','80.573196',1),(177,'Ketethenna','6.589868','80.568089',2),(178,'Panawenna','6.598992','80.556802',2),(179,'Pelmadulla Central','6.624439','80.541497',1),(180,'Ganegama','6.633178','80.521874',2),(181,'Pathakada','6.639242','80.508732',2),(182,'Dippitigala','6.651295','80.493261',2),(183,'Lellopitiya','6.662846','80.482756',2),(184,'Welimaluwa','6.664295','80.469742',2),(185,'Pelwadiya','6.663517','80.445613',2),(186,'Tiriwanakatiya','6.665766','80.431365',2),(187,'Batugedara','6.674728','80.418405',2),(188,'Angammana Bus Stop','6.678958','80.415218',2),(189,'Palama Gawa','6.681013','80.413042',2),(190,'Obama','6.682774','80.410587',2),(191,'Mawala Junction','6.680265','80.407352',2),(192,'Town Hall Ratnaoura','6.678635','80.402787',2),(193,'Dfcc Bank Ratnapura','6.680785','80.398721',2),(194,'Ratnapura','6.684975','80.396299',2),(195,'Moragahayata','6.685911','80.395911',2),(196,'Ratnapura Hospital halt','6.689705','80.394592',2),(197,'Weralupa','6.698581','80.390922',2),(198,'Court Complex Ratnapura','6.704649','80.385676',2),(199,'Sivali College','6.713359','80.386462',2),(200,'Hidellana','6.715815','80.384879',2),(201,'Hidellana Junction','6.718037','80.383619',2),(202,'Amuthagoda','6.726183','80.380674',2),(203,'Panukerapitiya','6.727700','80.381728',2),(204,'Lallans Ratnapura','6.732319','80.383027',2),(205,'Rts Ratnapura','6.733709','80.383676',2),(206,'Malangama','6.736980','80.383928',2),(207,'Batuhena','6.738355','80.382045',2),(208,'Kahengama','6.744971','80.379100',2),(209,'Gas Station Ratnapura','6.755386','80.376010',2),(210,'Paradise Kuruwita','6.759456','80.373537',2),(211,'Karmantha puraya','6.763675','80.372067',2),(212,'Kuruwita','6.777333','80.366094',2),(213,'Higgashena','6.784439','80.356325',2),(214,'Kadangoda','6.788027','80.348026',2),(215,'Millawitiya','6.794035','80.341031',2),(216,'Pussella','6.803853','80.333968',2),(217,'Galahitiya','6.815449','80.322730',2),(218,'Parakaduwa','6.824694','80.306598',2),(219,'Bodimaluwa','6.820220','80.297886',2),(220,'Baduwatta Junction','6.833878','80.279174',2),(221,'Thalawitiya Road','6.836030','80.277415',2),(222,'Mahingoda Junction','6.839758','80.273038',2),(223,'Ecc Eheliyagoda','6.852029','80.263038',2),(224,'Thorangoda','6.870756','80.246130',2),(225,'Mennanna','6.890418','80.235487',2),(226,'Polwattekade','6.896809','80.230444',2),(227,'Dihurumpitiya','6.915619','80.223685',2),(228,'Madola','6.927542','80.218115',4),(229,'Polgahamula junction','7.265444','80.584192',2),(230,'kiribath kubura','7.267543','80.575744',2),(231,'nanu oya juncion','7.267299',' 80.571193',2),(232,'wmbilmegama','7.265263','80.563066',2),(233,'gadaladeniya junction','7.265279','80.556344',2),(234,'Pilimathalawa','7.265703','80.554745',2),(235,'Pilimathalawa halt 1','7.262840','80.544176',2),(236,'Illukwate','7.261135','80.540366',1),(237,'Illukwate halt 1','7.261645',' 80.538824',2),(238,'yatinuwara','7.261946','80.536911',2),(239,'Henawala','7.262007','80.531058',2),(240,'kadugannawa','7.257180','80.519869',2),(241,'pahala kadugannawa','7.252971','80.497080',2),(242,'Ganethanna','7.250299',' 80.481940',2),(243,'Ganethanna junction','7.248975','80.474908',4),(244,'Hingula','7.247607','80.468130',2),(245,'Madarigama maha vidyalaya','7.248501','80.464242',4),(246,'Beligammana','7.249135','80.457438',2),(247,'Mawanalla depot','7.250685','80.451394',2),(248,'Mawanalla HNB','7.253272','80.448350 ',4),(249,'Anwarama juction','7.252097','80.434233 ',2),(250,'Uthuwankanda','7.251277',' 80.423686',2),(251,'Sankhapala','6.439516','80.758412',4),(252,'Kadurugas Ara Junction ','6.298452','80.877901',2),(253,'Thunkama','6.293580','80.883792',2),(254,'Hagala junction ','6.285566','80.897286',2),(255,'Kuttigala','6.261150','80.906964',2),(256,'Padalangala Junction ','6.253426','80.913476',2),(257,'Welangahawela','6.236857','80.928020',2),(258,'Barawakumbuka','6.225628','80.937455',2),(259,'Awissawella Ratnapura','6.945683','80.215316',2),(260,'Samanalagama Junction ','6.219494','80.941070',2),(261,'Avissawella private ','6.950870','80.213353',1),(262,'Wetiya Junction ','6.213925','80.944106',2),(263,'Ramba Wiharaya','6.194343','80.948369',2),(264,'Pallerata','6.184567','80.962104',2),(265,'Hadawinna Mv','6.179257','80.964707',2),(266,'Mamadala','6.158303','80.974548',2),(267,'Bodhirukkaramaya','6.141546','80.977703',2),(268,'Dhatmaraja Viharaya','6.124003','80.985858',2),(269,'Nonagama Junction ','6.113571','80.991566',2),(270,'Lunama School ','6.109240','80.976150',2),(271,'Kiula kalametihena','6.110757','80.953835',2),(272,'Hungama','6.110011','80.932025',2),(273,'Bata Atha gowipala','6.102364','80.905920',2),(274,'Kahadamodara Junction ','6.096712','80.888799',2),(275,'Ranna Bus station','6.097236','80.875944',1),(278,'Ranna','6.090226','80.865903',2),(279,'Wadigala Temple ','6.084930','80.857929',2),(280,'Netolpitiya','6.064393','80.837811',1),(281,'Godigamuwa- Pattiyapola junction ','6.056191','80.824517',2),(282,'Marakolliya','6.050794','80.815710',2),(283,'Henakaduwa temple ','6.039990','80.800062',2),(284,'Mangalagama','7.256360',' 80.407550',2),(285,'Molagoda','7.256774','80.396187',2),(286,'Karandupana','7.252244',' 80.376213',2),(287,'Kagalu food cout','7.248142',' 80.346148',4),(288,'Ranwala','7.250752','80.332232',2),(289,'Ambanpitiya','7.237109','80.321797',2),(290,'Galigamuwa','7.235317','80.310153',2),(291,'Udukumbura junction','7.231474','80.243790',2),(292,'Warakapola halt','7.230137','80.201761',2),(293,'Warakapola ','7.224597','80.195507',1),(294,'Ambepussa','7.241411','80.210993',2),(295,'Dodanowota','7.205631','80.174587',2),(296,'Wewaldeniya halt','7.198338','80.154807',2),(297,'Wewaldeniya ','7.198233','80.154686',2),(298,'Radawadunna','7.185810','80.140486',2),(299,'Kalugama','7.183530','80.132241',2),(300,'Pasyala','7.168144','80.124016',2),(301,'Nittabuwa','7.145131','80.096137',2),(302,'Nittabuwa halt','7.141313','80.094278',2),(303,'Nittabuwa halt 1','7.138018','80.093068',2),(304,'Nittabuwa halt 2','7.135824','80.089416',2),(305,'Sangabodi School-Nittabuwa','7.133907','80.082140',2),(306,'Madirigama maha vidyalaya','7.248911','80.463826',4),(307,'Mawanalla post office','7.251686','80.448691',2),(308,'Mawanalla Bus Stand','7.252485','80.446706',1),(309,'Mawanalla halt','7.254228','80.446414',4),(310,'police park-kagalle','7.254860','80.353257',4),(311,'Kagalle-Soflogic','7.253211',' 80.346202',4),(312,'Kagalle Clok Tower','7.253161','80.345198',4),(313,'Warakapola  market','7.230137',' 80.201796',2),(314,'Nittabuwa halt 3','7.133304','80.079521',1),(315,'Nittabuwa halt 4','7.132750',' 80.078340',2),(317,'Nittabuwa halt 5','7.131403',' 80.076587',2),(318,'Malwaththa','7.131397',' 80.076591',2),(319,'Malwaththa junction','7.130190','80.075122',2),(320,'kalagedihena','7.128471','80.073201',2),(321,'Thihariya','7.127200','80.071892',2),(322,'Thihariya halt 1','7.126451',' 80.071100',2),(323,'Thihariya fish market','7.124378',' 80.068798',2),(324,'Thihariya halt 2','7.123430','80.067442',2),(325,'darmashoka maha vidyalaya-kalagedihena','7.120828',' 80.063544',2),(326,'Hotel Vihens-kalagedihena','7.118822',' 80.060218',2),(327,'Supper Chemist-Kalagedihena','7.118592','80.059851',2),(328,'Thalduwa halt','6.958370',' 80.221776',2),(329,'Thalduwa ','6.958844',' 80.222909',2),(330,'Ihala thalduwa halt','6.966178','80.233977',2),(331,'Ihala thalduwa ','6.966066',' 80.234651',2),(332,'Pitadeniya halt','6.965522','80.255099',2),(333,'Pitadeniya ','6.965490','80.255417',2),(334,'Dehiowita','6.969054','80.265468',1),(335,'Iriyagolla','6.981445','80.264487',1),(336,'Atulugama','6.992325','80.263196',2),(337,'Karawanalle','7.023620',' 80.261502',2),(338,'Kahatagasthanna','7.032932','80.257872',2),(339,'magammana','7.009841',' 80.262058',2),(340,'Ruwanwalla','7.044670','80.254131',1),(341,'Ruwanwalla liquor shop','7.046507','80.253886',2),(342,'Anguruwela','7.060162',' 80.260014',2),(343,'Warawala','7.072728',' 80.269010',2),(344,'kannaththota','7.093657','80.278717',2),(345,'Thalowita junction','7.114120',' 80.281950',2),(346,'Kotiyakubura','7.122092','80.287132',2),(347,'Ampe adrasa vidyalaya','7.132793','80.285814',2),(348,'Kurunegoda temple','7.147479',' 80.285993',2),(349,'Pindeniya school junction','7.156764',' 80.295232',2),(350,'Thoranagahapitiya','7.174395','80.293611',2),(351,'Arandara','7.189772',' 80.301525',2),(352,'Arandara halt','7.190048','80.301465',1),(353,'Pitagaldeniya junction','7.192825',' 80.300353',2),(354,'Boyagama','7.226575','80.305086',2),(355,'Galigamuwa junction','7.235266','80.310180',2),(356,'Tangalle','6.028168','80.794765',0),(357,'Palikudawa','6.022026','80.796109',2),(358,'Godellawla','6.006601','80.767687',2),(359,'Seenimodara','6.005257','80.750671',2),(360,'Moraketiara','5.999474','80.741069',2),(361,'Deduwawala','5.989761','80.723782',2),(362,'Kudawella','5.984855','80.724817',0),(363,'Aluthgoda Bo gaha','5.975480','80.709207',2),(364,'Dodampahala Junction','5.967637','80.705669',2),(365,'Dikwella','5.964284','80.693954',0),(366,'Bmc Garment','5.963244','80.687670',2),(367,'Maaliyadda','5.961942','80.661296',2),(368,'Hunnadeniya','5.961819','80.655363',2),(369,'Kottegoda Balika Vidyalaya','5.959375','80.648346',2),(370,'Talalla','5.948238','80.627295',0),(371,'Wajirawansa Mawatha','5.947272','80.622333',2),(372,'Thalalla Kanda Muduna','5.946893','80.613310',2),(373,'Gandara','5.938017','80.613361',0),(374,'Kajugas Junction','5.935285','80.608740',2),(375,'Kapugama','5.934205','80.604773',2),(376,'Sudugala','5.933864','80.599564',2),(377,'Hena','5.931428','80.596970',2),(378,'Kanda pahala','5.930313','80.595417',2),(379,'Kuruduwattha','5.929782','80.592558',2),(380,'Dewinuwara Dewalaya','5.928192','80.588409',2),(382,'Wellamadama','5.933242','80.580483',2),(383,'Ruhuna Campus','5.938001','80.574276',2),(384,'Janaraja Mawatha','5.941240','80.572229',2),(385,'Eliya kanda junction','5.942822','80.568471',2),(386,'Meddewattha Junction','5.945209','80.565364',2),(387,'Welewattha','5.947012','80.562650',2),(388,'Pallimulla','5.946649','80.556443',2),(389,'Embilipitiya technical college','6.316182','80.866227',2);
/*!40000 ALTER TABLE `location` ENABLE KEYS */;
UNLOCK TABLES;

--
-- Table structure for table `req`
--

DROP TABLE IF EXISTS `req`;
/*!40101 SET @saved_cs_client     = @@character_set_client */;
/*!40101 SET character_set_client = utf8 */;
CREATE TABLE `req` (
  `ID` int(10) NOT NULL AUTO_INCREMENT,
  `Details` text COLLATE utf8_unicode_ci NOT NULL,
  `At` datetime NOT NULL,
  PRIMARY KEY (`ID`)
) ENGINE=InnoDB AUTO_INCREMENT=6 DEFAULT CHARSET=utf8 COLLATE=utf8_unicode_ci;
/*!40101 SET character_set_client = @saved_cs_client */;

--
-- Dumping data for table `req`
--

LOCK TABLES `req` WRITE;
/*!40000 ALTER TABLE `req` DISABLE KEYS */;
INSERT INTO `req` VALUES (1,'NA-1000','2019-10-04 02:48:21'),(2,'NA-1000','2019-10-04 02:48:56'),(3,'NA-1000','2019-10-04 03:02:38'),(4,'NA-1000','2019-10-04 03:02:53'),(5,'NA-1000','2019-10-04 03:03:16');
/*!40000 ALTER TABLE `req` ENABLE KEYS */;
UNLOCK TABLES;

--
-- Table structure for table `route`
--

DROP TABLE IF EXISTS `route`;
/*!40101 SET @saved_cs_client     = @@character_set_client */;
/*!40101 SET character_set_client = utf8 */;
CREATE TABLE `route` (
  `ID` int(11) NOT NULL AUTO_INCREMENT,
  `Route_No` varchar(45) DEFAULT NULL,
  `Route_Name` varchar(150) DEFAULT NULL,
  `Location_ID1` int(11) DEFAULT NULL,
  `Location_ID2` int(11) DEFAULT NULL,
  `Via` varchar(150) DEFAULT NULL,
  PRIMARY KEY (`ID`)
) ENGINE=InnoDB AUTO_INCREMENT=19 DEFAULT CHARSET=utf8;
/*!40101 SET character_set_client = @saved_cs_client */;

--
-- Dumping data for table `route`
--

LOCK TABLES `route` WRITE;
/*!40000 ALTER TABLE `route` DISABLE KEYS */;
INSERT INTO `route` VALUES (13,'22','Kandy-Mahiyanganaya',37,41,''),(14,'38','Colombo-Mahiyangana',126,37,''),(15,'674','Kagalle-Awissawella',261,312,''),(16,'11','Matara-Embilipitiya',34,99,'Gandara , Dickwella, Tangalle, Nonagama'),(17,'122','Colombo-Embilipitiya(New)',99,126,'Udawalawa, Pallebedda, Godakawela, Kahawattha, Pelmadulla, Rathnapura, Kuruwita, Eheliyagoda, Awissawella'),(18,'333/4','Matara-Tangalle',34,356,'');
/*!40000 ALTER TABLE `route` ENABLE KEYS */;
UNLOCK TABLES;

--
-- Table structure for table `route_sub_route`
--

DROP TABLE IF EXISTS `route_sub_route`;
/*!40101 SET @saved_cs_client     = @@character_set_client */;
/*!40101 SET character_set_client = utf8 */;
CREATE TABLE `route_sub_route` (
  `ID` int(11) NOT NULL AUTO_INCREMENT,
  `RouteID` int(11) NOT NULL,
  `SubRouteID` int(11) NOT NULL,
  PRIMARY KEY (`ID`)
) ENGINE=InnoDB AUTO_INCREMENT=53 DEFAULT CHARSET=utf8;
/*!40101 SET character_set_client = @saved_cs_client */;

--
-- Dumping data for table `route_sub_route`
--

LOCK TABLES `route_sub_route` WRITE;
/*!40000 ALTER TABLE `route_sub_route` DISABLE KEYS */;
INSERT INTO `route_sub_route` VALUES (18,13,1),(19,13,2),(20,14,1),(21,14,2),(22,14,3),(23,16,500),(25,16,502),(26,16,503),(27,16,504),(28,16,505),(29,16,506),(30,16,507),(31,16,508),(32,16,509),(33,16,510),(34,17,511),(35,17,512),(36,17,513),(37,17,514),(38,17,515),(39,17,516),(40,17,517),(41,17,518),(42,17,519),(43,18,500),(44,18,502),(45,18,503),(46,18,504),(47,18,505),(48,18,506),(49,18,507),(50,18,508),(51,18,509),(52,18,510);
/*!40000 ALTER TABLE `route_sub_route` ENABLE KEYS */;
UNLOCK TABLES;

--
-- Table structure for table `sub_route_location`
--

DROP TABLE IF EXISTS `sub_route_location`;
/*!40101 SET @saved_cs_client     = @@character_set_client */;
/*!40101 SET character_set_client = utf8 */;
CREATE TABLE `sub_route_location` (
  `ID` int(11) NOT NULL AUTO_INCREMENT,
  `Sub_Route_ID` int(11) NOT NULL,
  `Location_ID` int(11) NOT NULL,
  `Distance` double DEFAULT NULL,
  `Way_Point` int(1) NOT NULL,
  PRIMARY KEY (`ID`)
) ENGINE=InnoDB AUTO_INCREMENT=345 DEFAULT CHARSET=utf8;
/*!40101 SET character_set_client = @saved_cs_client */;

--
-- Dumping data for table `sub_route_location`
--

LOCK TABLES `sub_route_location` WRITE;
/*!40000 ALTER TABLE `sub_route_location` DISABLE KEYS */;
INSERT INTO `sub_route_location` VALUES (19,1,37,0,0),(20,1,38,0.4,0),(21,1,39,0.9,0),(22,1,40,0.1,0),(23,1,42,0.35,0),(24,1,43,0.6,0),(25,1,44,0.75,0),(26,1,45,0.6,0),(27,1,46,0.55,0),(28,1,47,0.4,0),(29,1,48,0.9,0),(30,1,49,0.45,1),(31,2,49,0,0),(32,2,51,0.8,0),(33,2,52,0.55,0),(34,2,53,1.2,0),(35,2,55,0.6,0),(36,2,56,0.85,0),(37,2,57,7.9,0),(38,2,58,0.55,0),(39,2,59,0.9,0),(40,2,60,1.3,0),(41,2,61,5,0),(42,2,62,1.1,0),(43,2,63,0.9,0),(44,2,64,1.1,0),(45,2,65,1.2,0),(46,2,66,2.1,0),(47,2,67,1.91,0),(48,2,68,2.1,0),(49,2,69,1.5,0),(50,2,70,1.9,0),(51,2,71,0.3,0),(52,2,72,1,0),(53,2,73,2,0),(54,2,74,0.65,0),(55,2,75,1.8,0),(56,2,76,1.1,0),(57,2,77,0.5,0),(58,2,78,2.3,0),(59,2,79,0.95,1),(60,2,80,3.4,0),(61,2,81,0.32,0),(62,2,82,0.75,0),(63,2,83,1.27,0),(64,2,84,0.4,0),(65,2,85,0.35,0),(66,2,86,1.6,0),(67,2,87,1.9,0),(68,2,88,1.7,0),(69,2,89,0.5,0),(70,2,90,0.8,0),(71,2,91,0.9,0),(72,2,92,0.4,0),(73,2,93,0.35,0),(74,2,94,0.4,0),(75,2,95,0.21,0),(76,2,96,1.1,0),(77,2,97,1.1,0),(78,2,98,0.2,0),(79,2,103,0.6,0),(80,2,104,0.45,0),(81,2,105,0.35,0),(82,2,106,0.5,0),(83,2,107,0.19,0),(84,2,108,3.6,0),(85,2,109,0.35,0),(86,2,110,0.35,0),(87,2,111,0.35,0),(88,2,112,0.6,1),(89,2,113,1.9,0),(90,2,114,0.5,0),(91,2,115,1.7,0),(92,2,116,0.4,0),(93,2,117,0.4,0),(94,2,118,2.5,0),(95,2,119,0.85,0),(96,2,120,0.5,0),(97,2,121,0.8,0),(98,2,122,0.55,1),(99,2,41,0.5,0),(100,3,41,0,0),(101,3,122,0.5,0),(102,3,125,0.35,1),(103,3,134,0.053,1),(104,3,135,0.067,1),(105,3,130,0.164,1),(106,3,131,0.1,1),(107,3,132,0.21,1),(108,3,138,0.3,0),(109,3,139,1.5,0),(110,3,149,1.7,1),(111,3,141,100,1),(112,3,142,0.45,0),(113,3,143,0.35,0),(114,3,144,0.35,0),(115,3,145,0.25,0),(116,3,147,0.5,1),(117,3,148,0.05,0),(118,3,229,1,0),(119,3,230,1.1,0),(120,3,231,0.5,0),(121,3,233,1.8,0),(122,3,234,0.95,0),(123,3,235,1.3,1),(124,3,237,0.5,0),(125,3,236,0.18,0),(126,3,238,0.22,0),(127,3,239,0.7,1),(128,3,240,1.4,0),(129,3,241,3.1,0),(130,3,242,2.4,0),(131,3,244,1.6,0),(132,3,306,1.3,1),(133,3,246,0.8,1),(134,3,247,0.7,0),(135,3,307,0.3,0),(136,3,308,0.26,1),(137,3,309,0.19,1),(138,3,249,1.4,0),(139,3,250,1.2,0),(140,3,284,2.7,0),(141,3,285,1.3,0),(142,3,286,2.3,1),(143,3,310,2.7,0),(144,3,311,0.8,0),(145,3,312,0.075,1),(146,3,288,1.7,1),(147,3,289,2.7,0),(148,3,290,1.6,0),(149,3,291,7.7,0),(150,3,294,5.1,1),(151,3,313,1.8,0),(152,3,293,1,1),(153,3,295,3.2,0),(154,3,297,2.5,0),(155,3,298,3.2,0),(156,3,299,1.2,0),(157,3,300,2.1,1),(158,3,301,4.3,0),(159,3,302,4.3,0),(160,3,303,0.4,0),(161,3,304,0.5,0),(162,3,305,0.8,0),(163,3,314,0.3,0),(164,3,315,0.15,0),(165,3,317,0.037,0),(166,3,318,0.21,0),(167,3,319,0.19,0),(168,3,320,0.29,0),(169,3,321,0.2,0),(170,3,322,0.1,0),(171,3,323,0.35,0),(172,3,324,0.18,0),(173,3,325,0.5,0),(174,3,326,0.45,0),(175,3,327,0.05,0),(177,500,34,0,0),(178,500,36,2.1,1),(179,500,385,0.4,0),(180,501,34,0,0),(181,501,388,0.9,0),(182,501,387,0.85,0),(183,501,386,0.4,0),(184,501,385,0.45,0),(185,502,385,0,0),(186,502,384,0.45,0),(187,502,383,0.5,0),(188,502,382,0.95,0),(189,502,380,1.1,0),(190,503,380,0,0),(191,503,379,0.55,0),(192,503,378,0.3,0),(193,503,377,0.24,0),(194,503,376,0.4,0),(195,503,375,0.6,0),(196,503,374,0.45,0),(197,503,373,0.6,0),(198,504,373,0,0),(199,504,372,1.1,0),(200,504,371,1.3,0),(201,504,370,0.6,0),(202,504,369,2.9,0),(203,504,368,0.85,0),(204,504,367,0.7,0),(205,504,366,3.2,0),(206,504,365,0.75,0),(207,505,365,0,0),(208,505,364,1.5,0),(209,505,363,1.1,0),(210,505,362,2.3,0),(211,505,361,0.65,0),(212,505,360,2.3,0),(213,505,359,1.6,0),(214,505,358,2,0),(215,505,357,3.8,0),(216,505,356,0.85,0),(217,506,356,0,0),(218,506,283,1.5,0),(219,506,282,2.2,0),(220,506,281,1.1,0),(221,506,280,1.7,0),(222,506,279,3.2,0),(223,506,278,1.1,0),(224,507,278,0,0),(225,507,275,1.4,0),(226,507,274,1.5,0),(227,507,273,2.1,0),(228,507,272,3,0),(229,508,272,0,0),(230,508,271,2.6,1),(231,508,270,2.6,0),(232,508,269,1.8,0),(233,509,269,0,0),(234,509,268,1.3,0),(235,509,267,2.2,0),(236,509,266,1.9,0),(237,509,265,2.8,0),(238,509,264,0.65,0),(239,509,263,2,0),(240,509,262,2.4,0),(241,509,258,1.5,0),(242,509,257,1.7,0),(243,509,256,2.5,0),(244,510,256,0,0),(245,510,255,1.1,0),(246,510,254,3,0),(247,510,253,1.9,0),(248,510,252,0.9,0),(249,510,123,1.2,0),(250,510,389,1.3,0),(251,510,102,0.8,0),(252,510,101,0.45,0),(253,510,100,0.45,0),(254,510,99,0.4,0),(255,511,99,0,0),(256,511,150,1.3,0),(257,511,152,2.2,0),(258,511,153,2.5,0),(259,511,154,3.1,0),(260,511,155,1.3,0),(261,511,156,1.3,0),(262,512,156,0,0),(263,512,157,3.4,0),(264,512,251,2.2,0),(265,512,158,1,0),(266,512,159,2.6,0),(267,512,160,2.8,0),(268,512,161,1.6,0),(269,512,162,0.95,0),(270,513,162,0,0),(271,513,163,0.85,0),(272,513,164,2.8,0),(273,513,165,1,0),(274,513,166,2.8,0),(275,514,166,0,0),(276,514,167,0.7,0),(277,514,168,2.8,0),(278,514,169,1.7,0),(279,514,170,1.4,0),(280,514,171,1.3,0),(281,514,172,1.2,0),(282,514,173,2,0),(283,514,174,1.3,0),(284,514,175,1.1,0),(285,514,176,1.3,0),(286,515,176,0,0),(287,515,177,1,0),(288,515,178,1.6,0),(289,515,179,3.7,0),(290,516,179,0,0),(291,516,180,2.4,0),(292,516,181,1.6,0),(293,516,182,2.2,0),(294,516,183,1.8,0),(295,516,184,1.7,0),(296,516,185,2.9,0),(297,516,186,1.7,0),(298,516,187,1.8,0),(299,516,188,0.6,0),(300,516,189,0.35,0),(301,516,190,0.35,0),(302,516,191,0.45,0),(303,516,192,0.55,0),(304,516,193,0.55,0),(305,516,194,0.65,0),(306,517,194,0,0),(307,517,195,0.11,0),(308,517,196,0.6,0),(309,517,197,1.2,0),(310,517,198,0.95,0),(311,517,199,1.2,0),(312,517,200,0.35,0),(313,517,201,0.29,0),(314,517,202,1.1,0),(315,517,203,0.21,0),(316,517,204,0.6,0),(317,517,205,0.17,0),(318,517,206,0.4,0),(319,517,207,0.29,0),(320,517,208,0.8,0),(321,517,209,1.2,0),(322,517,210,0.55,0),(323,517,211,0.5,0),(324,517,212,1.8,0),(325,518,212,0,0),(326,518,213,1.4,0),(327,518,214,1,0),(328,518,215,1,0),(329,518,216,1.4,0),(330,518,217,1.8,0),(331,518,218,2.2,0),(332,518,219,1.2,0),(333,518,220,2.8,0),(334,518,221,0.3,0),(335,518,222,0.65,0),(336,518,223,1.8,0),(337,519,223,0,0),(338,519,224,3,0),(339,519,225,2.7,0),(340,519,226,1,0),(341,519,227,2.3,0),(342,519,228,1.6,0),(343,519,259,2.2,0),(344,519,261,0.6,0);
/*!40000 ALTER TABLE `sub_route_location` ENABLE KEYS */;
UNLOCK TABLES;

--
-- Table structure for table `test_bus`
--

DROP TABLE IF EXISTS `test_bus`;
/*!40101 SET @saved_cs_client     = @@character_set_client */;
/*!40101 SET character_set_client = utf8 */;
CREATE TABLE `test_bus` (
  `id` int(11) NOT NULL AUTO_INCREMENT,
  `RegNo` varchar(15) DEFAULT NULL,
  `Latitude` varchar(15) DEFAULT NULL,
  `Longitude` varchar(15) DEFAULT NULL,
  `Speed` varchar(45) DEFAULT NULL,
  `LastUpdated` datetime DEFAULT NULL,
  `Journey_Id` int(11) DEFAULT NULL,
  PRIMARY KEY (`id`)
) ENGINE=InnoDB AUTO_INCREMENT=1013 DEFAULT CHARSET=utf8;
/*!40101 SET character_set_client = @saved_cs_client */;

--
-- Dumping data for table `test_bus`
--

LOCK TABLES `test_bus` WRITE;
/*!40000 ALTER TABLE `test_bus` DISABLE KEYS */;
INSERT INTO `test_bus` VALUES (11,'NA-1000','6.0','80.0','100','2019-10-14 03:14:22',1),(12,'NA-1000','6.837581','80.274109','2','2019-10-14 15:02:56',1),(13,'NA-1000','6.837581','80.274109','2','2019-10-14 15:03:04',1),(14,'NA-1000','6.837581','80.274109','2','2019-10-14 15:03:14',1),(15,'NA-1000','6.837581','80.274109','2','2019-10-14 15:03:25',1),(16,'NA-1000','6.837581','80.274109','2','2019-10-14 15:03:34',1),(17,'NA-1000','6.837623','80.274139','1','2019-10-14 15:04:54',1),(18,'NA-1000','6.837628','80.274002','3','2019-10-14 15:05:01',1),(19,'NA-1000','6.837630','80.273941','2','2019-10-14 15:07:23',1),(20,'NA-1000','6.837630','80.273941','2','2019-10-14 15:07:29',1),(21,'NA-1000','6.837630','80.273941','2','2019-10-14 15:07:36',1),(22,'NA-1000','6.837630','80.273941','2','2019-10-14 15:07:42',1),(23,'NA-1000','6.837630','80.273941','2','2019-10-14 15:07:48',1),(24,'NA-1000','6.837630','80.273941','2','2019-10-14 15:07:54',1),(25,'NA-1000','6.837630','80.273941','2','2019-10-14 15:08:00',1),(26,'NA-1000','6.837630','80.273941','2','2019-10-14 15:08:15',1),(27,'NA-1000','6.837630','80.273941','2','2019-10-14 15:08:19',1),(28,'NA-1000','6.837630','80.273941','2','2019-10-14 15:08:26',1),(29,'NA-1000','6.837630','80.273941','2','2019-10-14 15:08:33',1),(30,'NA-1000','6.837630','80.273941','2','2019-10-14 15:08:39',1),(31,'NA-1000','6.837630','80.273941','2','2019-10-14 15:08:45',1),(32,'NA-1000','6.837630','80.273941','2','2019-10-14 15:08:54',1),(33,'NA-1000','6.837630','80.273941','2','2019-10-14 15:09:04',1),(34,'NA-1000','6.837630','80.273941','2','2019-10-14 15:09:10',1),(35,'NA-1000','6.837630','80.273941','2','2019-10-14 15:09:21',1),(36,'NA-1000','6.837630','80.273941','2','2019-10-14 15:09:28',1),(37,'NA-1000','6.837630','80.273941','2','2019-10-14 15:09:36',1),(38,'NA-1000','6.837630','80.273941','2','2019-10-14 15:09:41',1),(39,'NA-1000','6.837630','80.273941','2','2019-10-14 15:09:49',1),(40,'NA-1000','6.837630','80.273941','2','2019-10-14 15:09:56',1),(41,'NA-1000','6.837630','80.273941','2','2019-10-14 15:10:13',1),(42,'NA-1000','6.837630','80.273941','2','2019-10-14 15:10:18',1),(43,'NA-1000','6.837630','80.273941','2','2019-10-14 15:10:34',1),(44,'NA-1000','6.837630','80.273941','2','2019-10-14 15:10:38',1),(45,'NA-1000','6.837630','80.273941','2','2019-10-14 15:10:43',1),(46,'NA-1000','6.837630','80.273941','2','2019-10-14 15:10:50',1),(47,'NA-1000','6.837630','80.273941','2','2019-10-14 15:10:56',1),(48,'NA-1000','6.837630','80.273941','2','2019-10-14 15:11:03',1),(49,'NA-1000','6.837630','80.273941','2','2019-10-14 15:11:11',1),(50,'NA-1000','6.5','80.0','100','2019-11-23 00:13:09',2),(51,'NA-1000','5.941061','80.566338','0','2019-12-22 21:06:25',3),(52,'NA-1000','5.941061','80.566338','0','2019-12-22 21:06:30',3),(53,'NA-1000','5.941061','80.566338','0','2019-12-22 21:06:37',3),(54,'NA-1000','5.941061','80.566338','0','2019-12-22 21:06:43',3),(55,'NA-1000','5.941061','80.566338','0','2019-12-22 21:06:50',3),(56,'NA-1000','5.941061','80.566338','0','2019-12-22 21:06:56',3),(57,'NA-1000','5.941061','80.566338','0','2019-12-22 21:07:03',3),(58,'NA-1000','5.941061','80.566338','0','2019-12-22 21:07:09',3),(59,'NA-1000','5.941061','80.566338','0','2019-12-22 21:07:15',3),(60,'NA-1000','5.941061','80.566338','0','2019-12-22 21:07:22',3),(61,'NA-1000','5.941061','80.566338','0','2019-12-22 21:07:30',3),(62,'NA-1000','5.941061','80.566338','0','2019-12-22 21:07:35',3),(63,'NA-1000','5.941061','80.566338','0','2019-12-22 21:07:41',3),(64,'NA-1000','5.941061','80.566338','0','2019-12-22 21:07:47',3),(65,'NA-1000','5.941061','80.566338','0','2019-12-22 21:07:54',3),(66,'NA-1000','5.941061','80.566338','0','2019-12-22 21:08:00',3),(67,'NA-1000','5.941061','80.566338','0','2019-12-22 21:08:06',3),(68,'NA-1000','5.941061','80.566338','0','2019-12-22 21:08:13',3),(69,'NA-1000','5.941061','80.566338','0','2019-12-22 21:08:19',3),(70,'NA-1000','5.941061','80.566338','0','2019-12-22 21:08:26',3),(71,'NA-1000','5.941061','80.566338','0','2019-12-22 21:08:33',3),(72,'NA-1000','5.941061','80.566338','0','2019-12-22 21:08:38',3),(73,'NA-1000','5.941061','80.566338','0','2019-12-22 21:08:45',3),(74,'NA-1000','5.941061','80.566338','0','2019-12-22 21:08:51',3),(75,'NA-1000','5.941061','80.566338','0','2019-12-22 21:08:58',3),(76,'NA-1000','5.941061','80.566338','0','2019-12-22 21:09:05',3),(77,'NA-1000','5.941061','80.566338','0','2019-12-22 21:09:10',3),(78,'NA-1000','5.941061','80.566338','0','2019-12-22 21:09:17',3),(79,'NA-1000','5.941061','80.566338','0','2019-12-22 21:09:23',3),(80,'NA-1000','5.941061','80.566338','0','2019-12-22 21:09:29',3),(81,'NA-1000','5.941061','80.566338','0','2019-12-22 21:09:36',3),(82,'NA-1000','5.941061','80.566338','0','2019-12-22 21:09:42',3),(83,'NA-1000','5.941061','80.566338','0','2019-12-22 21:09:49',3),(84,'NA-1000','5.941061','80.566338','0','2019-12-22 21:09:55',3),(85,'NA-1000','5.941061','80.566338','0','2019-12-22 21:10:01',3),(86,'NA-1000','5.941061','80.566338','0','2019-12-22 21:10:09',3),(87,'NA-1000','5.941061','80.566338','0','2019-12-22 21:10:14',3),(88,'NA-1000','5.941061','80.566338','0','2019-12-22 21:10:21',3),(89,'NA-1000','5.941061','80.566338','0','2019-12-22 21:10:27',3),(90,'NA-1000','5.941061','80.566338','0','2019-12-22 21:10:33',3),(91,'NA-1000','5.941061','80.566338','0','2019-12-22 21:10:40',3),(92,'NA-1000','5.941061','80.566338','0','2019-12-22 21:10:46',3),(93,'NA-1000','5.941061','80.566338','0','2019-12-22 21:10:54',3),(94,'NA-1000','5.941061','80.566338','0','2019-12-22 21:10:59',3),(95,'NA-1000','5.941061','80.566338','0','2019-12-22 21:11:05',3),(96,'NA-1000','5.941061','80.566338','0','2019-12-22 21:11:12',3),(97,'NA-1000','5.941061','80.566338','0','2019-12-22 21:11:18',3),(98,'NA-1000','5.941061','80.566338','0','2019-12-22 21:11:25',3),(99,'NA-1000','5.941061','80.566338','0','2019-12-22 21:11:31',3),(100,'NA-1000','5.941061','80.566338','0','2019-12-22 21:11:37',3),(101,'NA-1000','5.941061','80.566338','0','2019-12-22 21:11:44',3),(102,'NA-1000','5.941061','80.566338','0','2019-12-22 21:11:50',3),(103,'NA-1000','5.941061','80.566338','0','2019-12-22 21:11:57',3),(104,'NA-1000','5.941061','80.566338','0','2019-12-22 21:12:03',3),(105,'NA-1000','5.941061','80.566338','0','2019-12-22 21:12:09',3),(106,'NA-1000','5.941061','80.566338','0','2019-12-22 21:12:16',3),(107,'NA-1000','5.941061','80.566338','0','2019-12-22 21:12:22',3),(108,'NA-1000','5.941061','80.566338','0','2019-12-22 21:12:29',3),(109,'NA-1000','5.941061','80.566338','0','2019-12-22 21:12:35',3),(110,'NA-1000','5.941061','80.566338','0','2019-12-22 21:12:42',3),(111,'NA-1000','5.941061','80.566338','0','2019-12-22 21:12:48',3),(112,'NA-1000','5.941061','80.566338','0','2019-12-22 21:12:54',3),(113,'NA-1000','5.941061','80.566338','0','2019-12-22 21:13:01',3),(114,'NA-1000','5.941061','80.566338','0','2019-12-22 21:13:07',3),(115,'NA-1000','5.941061','80.566338','0','2019-12-22 21:13:13',3),(116,'NA-1000','5.941061','80.566338','0','2019-12-22 21:13:20',3),(117,'NA-1000','5.941061','80.566338','0','2019-12-22 21:13:26',3),(118,'NA-1000','5.941061','80.566338','0','2019-12-22 21:13:32',3),(119,'NA-1000','5.941061','80.566338','0','2019-12-22 21:13:39',3),(120,'NA-1000','5.941061','80.566338','0','2019-12-22 21:13:46',3),(121,'NA-1000','5.940614','80.566193','15','2019-12-22 21:14:01',3),(122,'NA-1000','5.940614','80.566193','15','2019-12-22 21:14:07',3),(123,'NA-1000','5.940614','80.566193','15','2019-12-22 21:14:13',3),(124,'NA-1000','5.940614','80.566193','15','2019-12-22 21:14:19',3),(125,'NA-1000','5.940614','80.566193','15','2019-12-22 21:14:25',3),(126,'NA-1000','5.940614','80.566193','15','2019-12-22 21:14:32',3),(127,'NA-1000','5.940614','80.566193','15','2019-12-22 21:14:38',3),(128,'NA-1000','5.940614','80.566193','15','2019-12-22 21:14:44',3),(129,'NA-1000','5.940614','80.566193','15','2019-12-22 21:14:50',3),(130,'NA-1000','5.940614','80.566193','15','2019-12-22 21:14:57',3),(131,'NA-1000','5.940614','80.566193','15','2019-12-22 21:15:04',3),(132,'NA-1000','5.940614','80.566193','15','2019-12-22 21:15:09',3),(133,'NA-1000','5.940614','80.566193','15','2019-12-22 21:15:16',3),(134,'NA-1000','5.940614','80.566193','15','2019-12-22 21:15:23',3),(135,'NA-1000','5.940614','80.566193','15','2019-12-22 21:15:28',3),(136,'NA-1000','5.940614','80.566193','15','2019-12-22 21:15:34',3),(137,'NA-1000','5.940614','80.566193','15','2019-12-22 21:15:41',3),(138,'NA-1000','5.940614','80.566193','15','2019-12-22 21:15:47',3),(139,'NA-1000','5.940614','80.566193','15','2019-12-22 21:15:53',3),(140,'NA-1000','5.940614','80.566193','15','2019-12-22 21:15:59',3),(141,'NA-1000','5.941079','80.566216','8','2019-12-22 21:16:08',3),(142,'NA-1000','5.941079','80.566216','8','2019-12-22 21:16:13',3),(143,'NA-1000','5.941079','80.566216','8','2019-12-22 21:16:20',3),(144,'NA-1000','5.941079','80.566216','8','2019-12-22 21:16:26',3),(145,'NA-1000','5.941079','80.566216','8','2019-12-22 21:16:32',3),(146,'NA-1000','5.941079','80.566216','8','2019-12-22 21:16:38',3),(147,'NA-1000','5.941079','80.566216','8','2019-12-22 21:16:45',3),(148,'NA-1000','5.941079','80.566216','8','2019-12-22 21:16:51',3),(149,'NA-1000','5.941079','80.566216','8','2019-12-22 21:16:57',3),(150,'NA-1000','5.941079','80.566216','8','2019-12-22 21:17:03',3),(151,'NA-1000','5.941079','80.566216','8','2019-12-22 21:17:11',3),(152,'NA-1000','5.941079','80.566216','8','2019-12-22 21:17:16',3),(153,'NA-1000','5.941079','80.566216','8','2019-12-22 21:17:22',3),(154,'NA-1000','5.941079','80.566216','8','2019-12-22 21:17:28',3),(155,'NA-1000','5.941079','80.566216','8','2019-12-22 21:17:35',3),(156,'NA-1000','5.941079','80.566216','8','2019-12-22 21:17:41',3),(157,'NA-1000','5.941079','80.566216','8','2019-12-22 21:17:47',3),(158,'NA-1000','5.941079','80.566216','8','2019-12-22 21:17:54',3),(159,'NA-1000','5.941079','80.566216','8','2019-12-22 21:18:00',3),(160,'NA-1000','5.941079','80.566216','8','2019-12-22 21:18:06',3),(161,'NA-1000','5.941079','80.566216','8','2019-12-22 21:18:13',3),(162,'NA-1000','5.941079','80.566216','8','2019-12-22 21:18:18',3),(163,'NA-1000','5.941079','80.566216','8','2019-12-22 21:18:25',3),(164,'NA-1000','5.941079','80.566216','8','2019-12-22 21:18:31',3),(165,'NA-1000','5.941079','80.566216','8','2019-12-22 21:18:37',3),(166,'NA-1000','5.941079','80.566216','8','2019-12-22 21:18:43',3),(167,'NA-1000','5.941079','80.566216','8','2019-12-22 21:18:50',3),(168,'NA-1000','5.941079','80.566216','8','2019-12-22 21:18:56',3),(169,'NA-1000','5.941079','80.566216','8','2019-12-22 21:19:02',3),(170,'NA-1000','5.940933','80.566216','3','2019-12-22 21:21:25',3),(171,'NA-1000','5.940933','80.566216','3','2019-12-22 21:21:30',3),(172,'NA-1000','5.940933','80.566216','3','2019-12-22 21:21:36',3),(173,'NA-1000','5.940933','80.566216','3','2019-12-22 21:21:42',3),(174,'NA-1000','5.940933','80.566216','3','2019-12-22 21:21:48',3),(175,'NA-1000','5.940933','80.566216','3','2019-12-22 21:21:55',3),(176,'NA-1000','5.940933','80.566216','3','2019-12-22 21:22:01',3),(177,'NA-1000','5.940933','80.566216','3','2019-12-22 21:22:07',3),(178,'NA-1000','5.940933','80.566216','3','2019-12-22 21:22:13',3),(179,'NA-1000','5.940933','80.566216','3','2019-12-22 21:22:20',3),(180,'NA-1000','5.940933','80.566216','3','2019-12-22 21:22:27',3),(181,'NA-1000','5.940933','80.566216','3','2019-12-22 21:22:32',3),(182,'NA-1000','5.940933','80.566216','3','2019-12-22 21:22:38',3),(183,'NA-1000','5.940933','80.566216','3','2019-12-22 21:23:04',3),(184,'NA-1000','5.940933','80.566216','3','2019-12-22 21:23:12',3),(185,'NA-1000','5.940933','80.566216','3','2019-12-22 21:23:16',3),(186,'NA-1000','5.940933','80.566216','3','2019-12-22 21:23:22',3),(187,'NA-1000','5.940933','80.566216','3','2019-12-22 21:23:28',3),(188,'NA-1000','5.940933','80.566216','3','2019-12-22 21:23:35',3),(189,'NA-1000','5.940933','80.566216','3','2019-12-22 21:23:41',3),(190,'NA-1000','5.940933','80.566216','3','2019-12-22 21:23:47',3),(191,'NA-1000','5.940933','80.566216','3','2019-12-22 21:23:53',3),(192,'NA-1000','5.940933','80.566216','3','2019-12-22 21:24:00',3),(193,'NA-1000','5.940933','80.566216','3','2019-12-22 21:24:07',3),(194,'NA-1000','5.940933','80.566216','3','2019-12-22 21:24:12',3),(195,'NA-1000','5.940933','80.566216','3','2019-12-22 21:24:18',3),(196,'NA-1000','5.940933','80.566216','3','2019-12-22 21:24:25',3),(197,'NA-1000','5.940933','80.566216','3','2019-12-22 21:24:31',3),(198,'NA-1000','5.940933','80.566216','3','2019-12-22 21:24:37',3),(199,'NA-1000','5.940933','80.566216','3','2019-12-22 21:24:44',3),(200,'NA-1000','5.940933','80.566216','3','2019-12-22 21:24:50',3),(201,'NA-1000','5.940933','80.566216','3','2019-12-22 21:24:56',3),(202,'NA-1000','5.940933','80.566216','3','2019-12-22 21:25:02',3),(203,'NA-1000','5.940933','80.566216','3','2019-12-22 21:25:10',3),(204,'NA-1000','5.940933','80.566216','3','2019-12-22 21:25:15',3),(205,'NA-1000','5.940933','80.566216','3','2019-12-22 21:25:21',3),(206,'NA-1000','5.940933','80.566216','3','2019-12-22 21:25:27',3),(207,'NA-1000','5.940933','80.566216','3','2019-12-22 21:25:34',3),(208,'NA-1000','5.940933','80.566216','3','2019-12-22 21:25:40',3),(209,'NA-1000','5.940933','80.566216','3','2019-12-22 21:25:46',3),(210,'NA-1000','5.940933','80.566216','3','2019-12-22 21:25:52',3),(211,'NA-1000','5.940933','80.566216','3','2019-12-22 21:25:59',3),(212,'NA-1000','5.940933','80.566216','3','2019-12-22 21:26:05',3),(213,'NA-1000','5.940933','80.566216','3','2019-12-22 21:26:12',3),(214,'NA-1000','5.940933','80.566216','3','2019-12-22 21:26:18',3),(215,'NA-1000','5.940933','80.566216','3','2019-12-22 21:26:24',3),(216,'NA-1000','5.940933','80.566216','3','2019-12-22 21:26:30',3),(217,'NA-1000','5.940933','80.566216','3','2019-12-22 21:26:36',3),(218,'NA-1000','5.940933','80.566216','3','2019-12-22 21:26:42',3),(219,'NA-1000','5.940933','80.566216','3','2019-12-22 21:26:49',3),(220,'NA-1000','5.940933','80.566216','3','2019-12-22 21:26:55',3),(221,'NA-1000','5.940933','80.566216','3','2019-12-22 21:27:01',3),(222,'NA-1000','5.940933','80.566216','3','2019-12-22 21:27:08',3),(223,'NA-1000','5.940933','80.566216','3','2019-12-22 21:27:15',3),(224,'NA-1000','5.940933','80.566216','3','2019-12-22 21:27:20',3),(225,'NA-1000','5.940933','80.566216','3','2019-12-22 21:27:26',3),(226,'NA-1000','5.940933','80.566216','3','2019-12-22 21:27:33',3),(227,'NA-1000','5.940933','80.566216','3','2019-12-22 21:27:39',3),(228,'NA-1000','5.940933','80.566216','3','2019-12-22 21:27:45',3),(229,'NA-1000','5.940933','80.566216','3','2019-12-22 21:27:51',3),(230,'NA-1000','5.940933','80.566216','3','2019-12-22 21:27:58',3),(231,'NA-1000','5.940933','80.566216','3','2019-12-22 21:28:05',3),(232,'NA-1000','5.940933','80.566216','3','2019-12-22 21:28:10',3),(233,'NA-1000','5.940933','80.566216','3','2019-12-22 21:28:16',3),(234,'NA-1000','5.940933','80.566216','3','2019-12-22 21:28:23',3),(235,'NA-1000','5.940933','80.566216','3','2019-12-22 21:28:29',3),(236,'NA-1000','5.940933','80.566216','3','2019-12-22 21:28:35',3),(237,'NA-1000','5.940933','80.566216','3','2019-12-22 21:28:41',3),(238,'NA-1000','5.940933','80.566216','3','2019-12-22 21:28:48',3),(239,'NA-1000','5.940933','80.566216','3','2019-12-22 21:28:54',3),(240,'NA-1000','5.940933','80.566216','3','2019-12-22 21:29:00',3),(241,'NA-1000','5.940933','80.566216','3','2019-12-22 21:29:07',3),(242,'NA-1000','5.940933','80.566216','3','2019-12-22 21:29:13',3),(243,'NA-1000','5.940933','80.566216','3','2019-12-22 21:29:19',3),(244,'NA-1000','5.940933','80.566216','3','2019-12-22 21:29:25',3),(245,'NA-1000','5.940933','80.566216','3','2019-12-22 21:29:31',3),(246,'NA-1000','5.940933','80.566216','3','2019-12-22 21:29:38',3),(247,'NA-1000','5.940933','80.566216','3','2019-12-22 21:29:44',3),(248,'NA-1000','5.940933','80.566216','3','2019-12-22 21:29:50',3),(249,'NA-1000','5.940933','80.566216','3','2019-12-22 21:29:56',3),(250,'NA-1000','5.940933','80.566216','3','2019-12-22 21:30:03',3),(251,'NA-1000','5.940933','80.566216','3','2019-12-22 21:30:14',3),(252,'NA-1000','5.940933','80.566216','3','2019-12-22 21:30:22',3),(253,'NA-1000','5.940933','80.566216','3','2019-12-22 21:30:28',3),(254,'NA-1000','5.940933','80.566216','3','2019-12-22 21:30:34',3),(255,'NA-1000','5.940933','80.566216','3','2019-12-22 21:30:40',3),(256,'NA-1000','5.940933','80.566216','3','2019-12-22 21:30:47',3),(257,'NA-1000','5.940933','80.566216','3','2019-12-22 21:30:53',3),(258,'NA-1000','5.940933','80.566216','3','2019-12-22 21:30:59',3),(259,'NA-1000','5.940933','80.566216','3','2019-12-22 21:31:05',3),(260,'NA-1000','5.940933','80.566216','3','2019-12-22 21:31:12',3),(261,'NA-1000','5.940933','80.566216','3','2019-12-22 21:31:19',3),(262,'NA-1000','5.940933','80.566216','3','2019-12-22 21:31:24',3),(263,'NA-1000','5.940933','80.566216','3','2019-12-22 21:31:30',3),(264,'NA-1000','5.940933','80.566216','3','2019-12-22 21:31:36',3),(265,'NA-1000','5.940933','80.566216','3','2019-12-22 21:31:43',3),(266,'NA-1000','5.940933','80.566216','3','2019-12-22 21:31:49',3),(267,'NA-1000','5.940933','80.566216','3','2019-12-22 21:31:55',3),(268,'NA-1000','5.940933','80.566216','3','2019-12-22 21:32:02',3),(269,'NA-1000','5.940606','80.566010','1','2019-12-22 21:32:13',3),(270,'NA-1000','5.940606','80.566010','1','2019-12-22 21:32:20',3),(271,'NA-1000','5.940606','80.566010','1','2019-12-22 21:32:25',3),(272,'NA-1000','5.940606','80.566010','1','2019-12-22 21:32:31',3),(273,'NA-1000','5.940606','80.566010','1','2019-12-22 21:32:37',3),(274,'NA-1000','5.940606','80.566010','1','2019-12-22 21:32:44',3),(275,'NA-1000','5.940606','80.566010','1','2019-12-22 21:32:50',3),(276,'NA-1000','5.940606','80.566010','1','2019-12-22 21:32:56',3),(277,'NA-1000','5.940606','80.566010','1','2019-12-22 21:33:03',3),(278,'NA-1000','5.940606','80.566010','1','2019-12-22 21:33:09',3),(279,'NA-1000','5.940606','80.566010','1','2019-12-22 21:33:15',3),(280,'NA-1000','5.940606','80.566010','1','2019-12-22 21:33:22',3),(281,'NA-1000','5.940606','80.566010','1','2019-12-22 21:33:28',3),(282,'NA-1000','5.940606','80.566010','1','2019-12-22 21:33:34',3),(283,'NA-1000','5.940606','80.566010','1','2019-12-22 21:33:40',3),(284,'NA-1000','5.940606','80.566010','100','2019-12-24 23:05:58',4),(285,'NA-1000','5.940606','80.566010','100','2019-12-24 23:09:27',4),(286,'NA-1000','5.940606','80.566010','100','2019-12-24 23:09:45',4),(287,'NA-1000','5.940606','80.566010','10','2019-12-24 23:09:58',4),(288,'NA-1000','6.322258','80.866302','1','2019-12-25 07:50:07',5),(289,'NA-1000','6.322258','80.866302','1','2019-12-25 07:50:13',5),(290,'NA-1000','6.322258','80.866302','1','2019-12-25 07:50:19',5),(291,'NA-1000','6.322258','80.866302','1','2019-12-25 07:50:25',5),(292,'NA-1000','6.322258','80.866302','1','2019-12-25 07:50:32',5),(293,'NA-1000','6.322258','80.866302','1','2019-12-25 07:50:38',5),(294,'NA-1000','6.322258','80.866302','1','2019-12-25 07:50:44',5),(295,'NA-1000','6.322258','80.866302','1','2019-12-25 07:50:50',5),(296,'NA-1000','6.322258','80.866302','1','2019-12-25 07:50:57',5),(297,'NA-1000','6.322258','80.866302','1','2019-12-25 07:51:03',5),(298,'NA-1000','6.322258','80.866302','1','2019-12-25 07:51:10',5),(299,'NA-1000','6.322258','80.866302','1','2019-12-25 07:51:16',5),(300,'NA-1000','6.322258','80.866302','1','2019-12-25 07:51:40',5),(301,'NA-1000','6.322258','80.866302','1','2019-12-25 07:51:47',5),(302,'NA-1000','6.322258','80.866302','1','2019-12-25 07:51:56',5),(303,'NA-1000','6.322258','80.866302','1','2019-12-25 07:51:59',5),(304,'NA-1000','6.322258','80.866302','1','2019-12-25 07:52:30',5),(305,'NA-1000','6.322258','80.866302','1','2019-12-25 07:52:37',5),(306,'NA-1000','6.322258','80.866302','1','2019-12-25 07:52:43',5),(307,'NA-1000','6.322258','80.866302','1','2019-12-25 07:52:49',5),(308,'NA-1000','6.322258','80.866302','1','2019-12-25 07:52:56',5),(309,'NA-1000','6.322258','80.866302','1','2019-12-25 07:53:02',5),(310,'NA-1000','6.322258','80.866302','1','2019-12-25 07:53:08',5),(311,'NA-1000','6.322258','80.866302','1','2019-12-25 07:53:14',5),(312,'NA-1000','6.322258','80.866302','1','2019-12-25 07:53:21',5),(313,'NA-1000','6.322258','80.866302','1','2019-12-25 07:53:27',5),(314,'NA-1000','6.322258','80.866302','1','2019-12-25 07:53:33',5),(315,'NA-1000','6.322258','80.866302','1','2019-12-25 07:53:39',5),(316,'NA-1000','6.322258','80.866302','1','2019-12-25 07:53:46',5),(317,'NA-1000','6.322258','80.866302','1','2019-12-25 07:53:52',5),(318,'NA-1000','6.322258','80.866302','1','2019-12-25 07:53:58',5),(319,'NA-1000','6.322258','80.866302','1','2019-12-25 07:54:05',5),(320,'NA-1000','6.322258','80.866302','1','2019-12-25 07:54:11',5),(321,'NA-1000','6.322258','80.866302','1','2019-12-25 07:54:17',5),(322,'NA-1000','6.322258','80.866302','1','2019-12-25 07:54:23',5),(323,'NA-1000','6.322258','80.866302','1','2019-12-25 07:54:29',5),(324,'NA-1000','6.322258','80.866302','1','2019-12-25 07:54:37',5),(325,'NA-1000','6.322258','80.866302','1','2019-12-25 07:54:42',5),(326,'NA-1000','6.322258','80.866302','1','2019-12-25 07:54:48',5),(327,'NA-1000','6.322258','80.866302','1','2019-12-25 07:54:54',5),(328,'NA-1000','6.322258','80.866302','1','2019-12-25 07:55:01',5),(329,'NA-1000','6.322258','80.866302','1','2019-12-25 07:55:07',5),(330,'NA-1000','6.322258','80.866302','1','2019-12-25 07:55:13',5),(331,'NA-1000','6.322258','80.866302','1','2019-12-25 07:55:20',5),(332,'NA-1000','6.322258','80.866302','1','2019-12-25 07:55:27',5),(333,'NA-1000','6.322258','80.866302','1','2019-12-25 07:55:33',5),(334,'NA-1000','6.322258','80.866302','1','2019-12-25 07:55:57',5),(335,'NA-1000','6.322258','80.866302','1','2019-12-25 07:56:03',5),(336,'NA-1000','6.322258','80.866302','1','2019-12-25 07:56:10',5),(337,'NA-1000','6.322258','80.866302','1','2019-12-25 07:56:16',5),(338,'NA-1000','6.322258','80.866302','1','2019-12-25 07:56:22',5),(339,'NA-1000','6.322258','80.866302','1','2019-12-25 07:56:28',5),(340,'NA-1000','6.322258','80.866302','1','2019-12-25 07:56:35',5),(341,'NA-1000','6.322258','80.866302','1','2019-12-25 07:56:41',5),(342,'NA-1000','6.322258','80.866302','1','2019-12-25 07:56:47',5),(343,'NA-1000','6.322258','80.866302','1','2019-12-25 07:56:53',5),(344,'NA-1000','6.322258','80.866302','1','2019-12-25 07:57:01',5),(345,'NA-1000','6.322258','80.866302','1','2019-12-25 07:57:07',5),(346,'NA-1000','6.322258','80.866302','1','2019-12-25 07:57:31',5),(347,'NA-1000','6.322258','80.866302','1','2019-12-25 07:57:37',5),(348,'NA-1000','6.322258','80.866302','1','2019-12-25 07:57:44',5),(349,'NA-1000','6.322258','80.866302','1','2019-12-25 07:57:50',5),(350,'NA-1000','6.322258','80.866302','1','2019-12-25 07:57:56',5),(351,'NA-1000','6.322258','80.866302','1','2019-12-25 07:58:02',5),(352,'NA-1000','6.322258','80.866302','1','2019-12-25 07:58:08',5),(353,'NA-1000','6.322258','80.866302','1','2019-12-25 07:58:16',5),(354,'NA-1000','6.322258','80.866302','1','2019-12-25 07:58:22',5),(355,'NA-1000','6.322258','80.866302','1','2019-12-25 07:58:27',5),(356,'NA-1000','6.322258','80.866302','1','2019-12-25 07:58:33',5),(357,'NA-1000','6.322258','80.866302','1','2019-12-25 07:58:40',5),(358,'NA-1000','6.322258','80.866302','1','2019-12-25 07:58:46',5),(359,'NA-1000','6.322258','80.866302','1','2019-12-25 07:58:52',5),(360,'NA-1000','6.322258','80.866302','1','2019-12-25 07:58:59',5),(361,'NA-1000','6.322258','80.866302','1','2019-12-25 07:59:05',5),(362,'NA-1000','6.322206','80.866043','19','2019-12-25 08:04:58',5),(363,'NA-1000','6.322206','80.866043','19','2019-12-25 08:05:06',5),(364,'NA-1000','6.322206','80.866043','19','2019-12-25 08:05:23',5),(365,'NA-1000','6.322206','80.866043','19','2019-12-25 08:05:32',5),(366,'NA-1000','6.322206','80.866043','19','2019-12-25 08:05:42',5),(367,'NA-1000','6.322206','80.866043','19','2019-12-25 08:05:49',5),(368,'NA-1000','6.322206','80.866043','19','2019-12-25 08:05:54',5),(369,'NA-1000','6.322206','80.866043','19','2019-12-25 08:06:02',5),(370,'NA-1000','6.322206','80.866043','19','2019-12-25 08:06:07',5),(371,'NA-1000','6.322206','80.866043','19','2019-12-25 08:06:14',5),(372,'NA-1000','6.322206','80.866043','19','2019-12-25 08:06:20',5),(373,'NA-1000','6.322206','80.866043','19','2019-12-25 08:06:51',5),(374,'NA-1000','6.322206','80.866043','19','2019-12-25 08:06:58',5),(375,'NA-1000','6.322206','80.866043','19','2019-12-25 08:07:04',5),(376,'NA-1000','6.322206','80.866043','19','2019-12-25 08:07:10',5),(377,'NA-1000','6.322206','80.866043','19','2019-12-25 08:07:17',5),(378,'NA-1000','6.322206','80.866043','19','2019-12-25 08:07:23',5),(379,'NA-1000','6.322206','80.866043','19','2019-12-25 08:07:54',5),(380,'NA-1000','6.322206','80.866043','19','2019-12-25 08:08:00',5),(381,'NA-1000','6.322206','80.866043','19','2019-12-25 08:08:06',5),(382,'NA-1000','6.322206','80.866043','19','2019-12-25 08:08:15',5),(383,'NA-1000','6.322206','80.866043','19','2019-12-25 08:08:25',5),(384,'NA-1000','6.322206','80.866043','19','2019-12-25 08:08:31',5),(385,'NA-1000','6.322206','80.866043','19','2019-12-25 08:08:37',5),(386,'NA-1000','6.322206','80.866043','19','2019-12-25 08:09:09',5),(387,'NA-1000','6.322206','80.866043','19','2019-12-25 08:09:15',5),(388,'NA-1000','6.322206','80.866043','19','2019-12-25 08:09:46',5),(389,'NA-1000','6.322206','80.866043','19','2019-12-25 08:09:53',5),(390,'NA-1000','6.322206','80.866043','19','2019-12-25 08:09:59',5),(391,'NA-1000','6.322206','80.866043','19','2019-12-25 08:10:07',5),(392,'NA-1000','6.322206','80.866043','19','2019-12-25 08:10:12',5),(393,'NA-1000','6.322206','80.866043','19','2019-12-25 08:10:42',5),(394,'NA-1000','6.322206','80.866043','19','2019-12-25 08:10:49',5),(395,'NA-1000','6.322206','80.866043','19','2019-12-25 08:10:56',5),(396,'NA-1000','6.322206','80.866043','19','2019-12-25 08:11:26',5),(397,'NA-1000','6.322206','80.866043','19','2019-12-25 08:11:33',5),(398,'NA-1000','6.322206','80.866043','19','2019-12-25 08:11:39',5),(399,'NA-1000','6.322206','80.866043','19','2019-12-25 08:12:10',5),(400,'NA-1000','6.322206','80.866043','19','2019-12-25 08:12:17',5),(401,'NA-1000','6.322206','80.866043','19','2019-12-25 08:12:49',5),(402,'NA-1000','6.322206','80.866043','19','2019-12-25 08:12:54',5),(403,'NA-1000','6.322206','80.866043','19','2019-12-25 08:13:25',5),(404,'NA-1000','6.322206','80.866043','19','2019-12-25 08:13:32',5),(405,'NA-1000','6.322206','80.866043','19','2019-12-25 08:13:38',5),(406,'NA-1000','6.320392','80.861557','7','2019-12-25 11:33:24',5),(407,'NA-1000','6.320392','80.861557','7','2019-12-25 11:33:30',5),(408,'NA-1000','6.320392','80.861557','7','2019-12-25 11:33:37',5),(409,'NA-1000','6.320392','80.861557','7','2019-12-25 11:33:43',5),(410,'NA-1000','6.320392','80.861557','7','2019-12-25 11:33:49',5),(411,'NA-1000','6.320392','80.861557','7','2019-12-25 11:33:55',5),(412,'NA-1000','6.320142','80.861198','0','2019-12-25 11:34:40',5),(413,'NA-1000','6.320055','80.861107','2','2019-12-25 11:34:47',5),(414,'NA-1000','6.320055','80.861107','2','2019-12-25 11:34:54',5),(415,'NA-1000','6.320055','80.861107','2','2019-12-25 11:35:00',5),(416,'NA-1000','6.320055','80.861107','2','2019-12-25 11:35:06',5),(417,'NA-1000','6.320055','80.861107','2','2019-12-25 11:35:12',5),(418,'NA-1000','6.320055','80.861107','2','2019-12-25 11:35:19',5),(419,'NA-1000','6.320055','80.861107','2','2019-12-25 11:35:25',5),(420,'NA-1000','6.320055','80.861107','2','2019-12-25 11:35:32',5),(421,'NA-1000','6.320055','80.861107','2','2019-12-25 11:35:56',5),(422,'NA-1000','6.320055','80.861107','2','2019-12-25 11:36:03',5),(423,'NA-1000','6.320055','80.861107','2','2019-12-25 11:36:09',5),(424,'NA-1000','6.320055','80.861107','2','2019-12-25 11:36:15',5),(425,'NA-1000','6.320055','80.861107','2','2019-12-25 11:36:21',5),(426,'NA-1000','6.320055','80.861107','2','2019-12-25 11:36:27',5),(427,'NA-1000','6.320055','80.861107','2','2019-12-25 11:36:34',5),(428,'NA-1000','6.320055','80.861107','2','2019-12-25 11:36:40',5),(429,'NA-1000','6.320055','80.861107','2','2019-12-25 11:36:46',5),(430,'NA-1000','6.320055','80.861107','2','2019-12-25 11:36:52',5),(431,'NA-1000','6.320055','80.861107','2','2019-12-25 11:37:00',5),(432,'NA-1000','6.320055','80.861107','2','2019-12-25 11:37:05',5),(433,'NA-1000','6.320055','80.861107','2','2019-12-25 11:37:11',5),(434,'NA-1000','6.320055','80.861107','2','2019-12-25 11:37:17',5),(435,'NA-1000','6.320055','80.861107','2','2019-12-25 11:37:24',5),(436,'NA-1000','6.320055','80.861107','2','2019-12-25 11:37:30',5),(437,'NA-1000','6.320055','80.861107','2','2019-12-25 11:37:36',5),(438,'NA-1000','6.320055','80.861107','2','2019-12-25 11:37:43',5),(439,'NA-1000','6.320055','80.861107','2','2019-12-25 11:37:49',5),(440,'NA-1000','6.320055','80.861107','2','2019-12-25 11:37:55',5),(441,'NA-1000','6.320055','80.861107','2','2019-12-25 11:38:02',5),(442,'NA-1000','6.320055','80.861107','2','2019-12-25 11:38:09',5),(443,'NA-1000','6.320055','80.861107','2','2019-12-25 11:38:14',5),(444,'NA-1000','6.320055','80.861107','2','2019-12-25 11:38:21',5),(445,'NA-1000','6.320055','80.861107','2','2019-12-25 11:39:11',5),(446,'NA-1000','6.320055','80.861107','2','2019-12-25 11:39:36',5),(447,'NA-1000','6.320055','80.861107','2','2019-12-25 11:40:19',5),(448,'NA-1000','6.320055','80.861107','2','2019-12-25 11:40:34',5),(449,'NA-1000','6.320055','80.861107','2','2019-12-25 11:40:46',5),(450,'NA-1000','6.320055','80.861107','2','2019-12-25 11:40:51',5),(451,'NA-1000','6.320055','80.861107','2','2019-12-25 11:40:57',5),(452,'NA-1000','6.320055','80.861107','2','2019-12-25 11:41:03',5),(453,'NA-1000','6.320055','80.861107','2','2019-12-25 11:41:16',5),(454,'NA-1000','6.320055','80.861107','2','2019-12-25 11:41:22',5),(455,'NA-1000','6.320055','80.861107','2','2019-12-25 11:42:39',5),(456,'NA-1000','6.320055','80.861107','2','2019-12-25 11:42:44',5),(457,'NA-1000','6.320055','80.861107','2','2019-12-25 11:43:14',5),(458,'NA-1000','6.320055','80.861107','2','2019-12-25 11:43:21',5),(459,'NA-1000','6.320055','80.861107','2','2019-12-25 11:43:30',5),(460,'NA-1000','6.320055','80.861107','2','2019-12-25 11:43:40',5),(461,'NA-1000','6.320055','80.861107','2','2019-12-25 11:43:46',5),(462,'NA-1000','6.320055','80.861107','2','2019-12-25 11:44:10',5),(463,'NA-1000','6.313714','80.866814','21','2019-12-25 11:44:25',5),(464,'NA-1000','6.313714','80.866814','21','2019-12-25 11:44:34',5),(465,'NA-1000','6.313714','80.866814','21','2019-12-25 11:44:42',5),(466,'NA-1000','6.313714','80.866814','21','2019-12-25 11:45:11',5),(467,'NA-1000','6.313714','80.866814','21','2019-12-25 11:45:22',5),(468,'NA-1000','6.294459','80.882118','13','2019-12-25 12:07:56',5),(469,'NA-1000','6.294459','80.882118','13','2019-12-25 12:08:02',5),(470,'NA-1000','6.294579','80.882416','5','2019-12-25 12:08:08',5),(471,'NA-1000','6.294579','80.882416','5','2019-12-25 12:08:15',5),(472,'NA-1000','6.294579','80.882416','5','2019-12-25 12:08:21',5),(473,'NA-1000','6.294691','80.882591','1','2019-12-25 12:08:27',5),(474,'NA-1000','6.294713','80.882637','0','2019-12-25 12:08:33',5),(475,'NA-1000','6.294713','80.882637','0','2019-12-25 12:08:40',5),(476,'NA-1000','6.294713','80.882637','0','2019-12-25 12:08:46',5),(477,'NA-1000','6.294692','80.882637','3','2019-12-25 12:08:53',5),(478,'NA-1000','6.294717','80.882561','3','2019-12-25 12:09:00',5),(479,'NA-1000','6.294717','80.882561','3','2019-12-25 12:09:05',5),(480,'NA-1000','6.294611','80.882721','4','2019-12-25 12:09:11',5),(481,'NA-1000','6.294522','80.882858','10','2019-12-25 12:09:18',5),(482,'NA-1000','6.294522','80.882858','10','2019-12-25 12:09:24',5),(483,'NA-1000','6.294522','80.882858','10','2019-12-25 12:09:30',5),(484,'NA-1000','6.293949','80.883430','21','2019-12-25 12:09:36',5),(485,'NA-1000','6.293949','80.883430','21','2019-12-25 12:09:43',5),(486,'NA-1000','6.293949','80.883430','21','2019-12-25 12:09:49',5),(487,'NA-1000','6.293196','80.884720','29','2019-12-25 12:09:55',5),(488,'NA-1000','6.292960','80.885124','29','2019-12-25 12:10:03',5),(489,'NA-1000','6.292960','80.885124','29','2019-12-25 12:10:09',5),(490,'NA-1000','6.292387','80.886276','23','2019-12-25 12:10:39',5),(491,'NA-1000','6.291870','80.887589','32','2019-12-25 12:10:50',5),(492,'NA-1000','6.291494','80.889107','30','2019-12-25 12:10:58',5),(493,'NA-1000','6.291397','80.889610','33','2019-12-25 12:11:06',5),(494,'NA-1000','6.291397','80.889610','33','2019-12-25 12:11:11',5),(495,'NA-1000','6.291226','80.890778','37','2019-12-25 12:11:17',5),(496,'NA-1000','6.291148','80.891335','34','2019-12-25 12:11:23',5),(497,'NA-1000','6.291148','80.891335','34','2019-12-25 12:11:30',5),(498,'NA-1000','6.291148','80.891335','34','2019-12-25 12:11:36',5),(499,'NA-1000','6.290917','80.892982','35','2019-12-25 12:11:42',5),(500,'NA-1000','6.290917','80.892982','35','2019-12-25 12:11:49',5),(501,'NA-1000','6.290917','80.892982','35','2019-12-25 12:11:55',5),(502,'NA-1000','6.290436','80.894768','38','2019-12-25 12:12:01',5),(503,'NA-1000','6.290158','80.895317','38','2019-12-25 12:12:09',5),(504,'NA-1000','6.290158','80.895317','38','2019-12-25 12:12:15',5),(505,'NA-1000','6.288808','80.896469','41','2019-12-25 12:12:45',5),(506,'NA-1000','6.286942','80.897278','41','2019-12-25 12:12:54',5),(507,'NA-1000','6.286942','80.897278','41','2019-12-25 12:12:58',5),(508,'NA-1000','6.284727','80.897873','46','2019-12-25 12:13:04',5),(509,'NA-1000','6.284727','80.897873','46','2019-12-25 12:13:12',5),(510,'NA-1000','6.284727','80.897873','46','2019-12-25 12:13:18',5),(511,'NA-1000','6.282438','80.898399','39','2019-12-25 12:13:23',5),(512,'NA-1000','6.281907','80.898582','37','2019-12-25 12:13:29',5),(513,'NA-1000','6.281907','80.898582','37','2019-12-25 12:13:36',5),(514,'NA-1000','6.281907','80.898582','37','2019-12-25 12:13:42',5),(515,'NA-1000','6.279869','80.899178','50','2019-12-25 12:13:48',5),(516,'NA-1000','6.279869','80.899178','50','2019-12-25 12:13:55',5),(517,'NA-1000','6.279869','80.899178','50','2019-12-25 12:14:01',5),(518,'NA-1000','6.277417','80.899750','47','2019-12-25 12:14:07',5),(519,'NA-1000','6.277417','80.899750','47','2019-12-25 12:14:15',5),(520,'NA-1000','6.277417','80.899750','47','2019-12-25 12:14:21',5),(521,'NA-1000','6.275383','80.900299','39','2019-12-25 12:14:27',5),(522,'NA-1000','6.274945','80.900452','29','2019-12-25 12:14:33',5),(523,'NA-1000','6.274945','80.900452','29','2019-12-25 12:14:39',5),(524,'NA-1000','6.274945','80.900452','29','2019-12-25 12:14:45',5),(525,'NA-1000','6.273142','80.901215','46','2019-12-25 12:14:51',5),(526,'NA-1000','6.273142','80.901215','46','2019-12-25 12:14:59',5),(527,'NA-1000','6.273142','80.901215','46','2019-12-25 12:15:05',5),(528,'NA-1000','6.270877','80.901657','33','2019-12-25 12:15:11',5),(529,'NA-1000','6.270877','80.901657','33','2019-12-25 12:15:21',5),(530,'NA-1000','6.268753','80.902000','52','2019-12-25 12:15:30',5),(531,'NA-1000','6.267979','80.902122','49','2019-12-25 12:15:42',5),(532,'NA-1000','6.267979','80.902122','49','2019-12-25 12:15:50',5),(533,'NA-1000','6.266272','80.902481','37','2019-12-25 12:15:55',5),(534,'NA-1000','6.266272','80.902481','37','2019-12-25 12:16:01',5),(535,'NA-1000','6.266272','80.902481','37','2019-12-25 12:16:08',5),(536,'NA-1000','6.264907','80.903877','37','2019-12-25 12:16:15',5),(537,'NA-1000','6.264907','80.903877','37','2019-12-25 12:16:22',5),(538,'NA-1000','6.264907','80.903877','37','2019-12-25 12:16:28',5),(539,'NA-1000','6.263726','80.904968','31','2019-12-25 12:16:34',5),(540,'NA-1000','6.263339','80.905128','26','2019-12-25 12:16:40',5),(541,'NA-1000','6.263339','80.905128','26','2019-12-25 12:16:45',5),(542,'NA-1000','6.263339','80.905128','26','2019-12-25 12:16:54',5),(543,'NA-1000','6.262450','80.905586','20','2019-12-25 12:17:00',5),(544,'NA-1000','6.262450','80.905586','20','2019-12-25 12:17:05',5),(545,'NA-1000','6.262450','80.905586','20','2019-12-25 12:17:10',5),(546,'NA-1000','6.261549','80.906609','27','2019-12-25 12:17:18',5),(547,'NA-1000','6.261549','80.906609','27','2019-12-25 12:17:24',5),(548,'NA-1000','6.261549','80.906609','27','2019-12-25 12:17:29',5),(549,'NA-1000','6.260849','80.907646','17','2019-12-25 12:17:36',5),(550,'NA-1000','6.260687','80.907822','15','2019-12-25 12:17:43',5),(551,'NA-1000','6.260687','80.907822','15','2019-12-25 12:17:49',5),(552,'NA-1000','6.260687','80.907822','15','2019-12-25 12:17:55',5),(553,'NA-1000','6.260167','80.908371','9','2019-12-25 12:18:04',5),(554,'NA-1000','6.260167','80.908371','9','2019-12-25 12:18:08',5),(555,'NA-1000','6.260167','80.908371','9','2019-12-25 12:18:14',5),(556,'NA-1000','6.260333','80.908195','18','2019-12-25 12:18:20',5),(557,'NA-1000','6.260333','80.908195','18','2019-12-25 12:18:27',5),(558,'NA-1000','6.260333','80.908195','18','2019-12-25 12:18:33',5),(559,'NA-1000','6.260898','80.907455','19','2019-12-25 12:18:39',5),(560,'NA-1000','6.261087','80.907196','21','2019-12-25 12:18:47',5),(561,'NA-1000','6.261087','80.907196','21','2019-12-25 12:18:52',5),(562,'NA-1000','6.261087','80.907196','21','2019-12-25 12:18:59',5),(563,'NA-1000','6.261660','80.906448','15','2019-12-25 12:19:06',5),(564,'NA-1000','6.261660','80.906448','15','2019-12-25 12:19:11',5),(565,'NA-1000','6.261660','80.906448','15','2019-12-25 12:19:17',5),(566,'NA-1000','6.261813','80.906303','1','2019-12-25 12:19:24',5),(567,'NA-1000','6.261813','80.906303','1','2019-12-25 12:19:30',5),(568,'NA-1000','6.261813','80.906303','1','2019-12-25 12:19:36',5),(569,'NA-1000','6.261945','80.906425','6','2019-12-25 12:19:43',5),(570,'NA-1000','6.261966','80.906441','2','2019-12-25 12:19:49',5),(571,'NA-1000','6.261966','80.906441','2','2019-12-25 12:19:56',5),(572,'NA-1000','6.261966','80.906441','2','2019-12-25 12:20:02',5),(573,'NA-1000','6.262209','80.906242','14','2019-12-25 12:20:10',5),(574,'NA-1000','6.262209','80.906242','14','2019-12-25 12:20:22',5),(575,'NA-1000','6.262307','80.905624','10','2019-12-25 12:20:30',5),(576,'NA-1000','6.262127','80.905487','15','2019-12-25 12:20:39',5),(577,'NA-1000','6.261659','80.905151','16','2019-12-25 12:20:45',5),(578,'NA-1000','6.261409','80.904984','20','2019-12-25 12:20:52',5),(579,'NA-1000','6.261409','80.904984','20','2019-12-25 12:20:59',5),(580,'NA-1000','6.261409','80.904984','20','2019-12-25 12:21:05',5),(581,'NA-1000','6.260772','80.904678','13','2019-12-25 12:21:12',5),(582,'NA-1000','6.260772','80.904678','13','2019-12-25 12:21:17',5),(583,'NA-1000','6.260772','80.904678','13','2019-12-25 12:21:23',5),(584,'NA-1000','6.260214','80.904114','18','2019-12-25 12:21:30',5),(585,'NA-1000','6.260104','80.903824','20','2019-12-25 12:21:35',5),(586,'NA-1000','6.260104','80.903824','20','2019-12-25 12:21:44',5),(587,'NA-1000','6.259871','80.903168','21','2019-12-25 12:21:48',5),(588,'NA-1000','6.259751','80.902969','10','2019-12-25 12:21:55',5),(589,'NA-1000','6.259751','80.902969','10','2019-12-25 12:22:00',5),(590,'NA-1000','6.259690','80.902901','2','2019-12-25 12:22:07',5),(591,'NA-1000','6.259770','80.902878','2','2019-12-25 12:22:15',5),(592,'NA-1000','6.259770','80.902878','2','2019-12-25 12:22:20',5),(593,'NA-1000','6.259770','80.902878','2','2019-12-25 12:22:28',5),(594,'NA-1000','6.259722','80.902847','0','2019-12-25 12:22:39',5),(595,'NA-1000','6.259722','80.902847','0','2019-12-25 12:22:45',5),(596,'NA-1000','6.259724','80.902840','0','2019-12-25 12:22:52',5),(597,'NA-1000','6.259726','80.902840','0','2019-12-25 12:22:58',5),(598,'NA-1000','6.259726','80.902840','0','2019-12-25 12:23:04',5),(599,'NA-1000','6.259726','80.902840','0','2019-12-25 12:23:11',5),(600,'NA-1000','6.259707','80.902840','0','2019-12-25 12:23:18',5),(601,'NA-1000','6.259707','80.902840','0','2019-12-25 12:23:23',5),(602,'NA-1000','6.259707','80.902840','0','2019-12-25 12:23:29',5),(603,'NA-1000','6.259721','80.902840','0','2019-12-25 12:23:35',5),(604,'NA-1000','6.259721','80.902840','0','2019-12-25 12:23:44',5),(605,'NA-1000','6.259721','80.902840','0','2019-12-25 12:23:50',5),(606,'NA-1000','6.259726','80.902855','0','2019-12-25 12:23:55',5),(607,'NA-1000','6.259727','80.902855','0','2019-12-25 12:24:01',5),(608,'NA-1000','6.259727','80.902855','0','2019-12-25 12:24:07',5),(609,'NA-1000','6.259727','80.902855','0','2019-12-25 12:24:14',5),(610,'NA-1000','6.259721','80.902847','0','2019-12-25 12:24:23',5),(611,'NA-1000','6.259721','80.902847','0','2019-12-25 12:24:32',5),(612,'NA-1000','6.259707','80.902855','0','2019-12-25 12:24:38',5),(613,'NA-1000','6.259716','80.902855','0','2019-12-25 12:24:45',5),(614,'NA-1000','6.259716','80.902855','0','2019-12-25 12:24:51',5),(615,'NA-1000','6.259716','80.902855','0','2019-12-25 12:24:57',5),(616,'NA-1000','6.259724','80.902847','0','2019-12-25 12:25:04',5),(617,'NA-1000','6.259724','80.902847','0','2019-12-25 12:25:09',5),(618,'NA-1000','6.259724','80.902847','0','2019-12-25 12:25:16',5),(619,'NA-1000','6.259718','80.902855','0','2019-12-25 12:25:24',5),(620,'NA-1000','6.259711','80.902855','0','2019-12-25 12:25:29',5),(621,'NA-1000','6.259711','80.902855','0','2019-12-25 12:25:35',5),(622,'NA-1000','6.259703','80.902855','0','2019-12-25 12:25:41',5),(623,'NA-1000','6.259700','80.902847','0','2019-12-25 12:25:47',5),(624,'NA-1000','6.259700','80.902847','0','2019-12-25 12:25:54',5),(625,'NA-1000','6.259700','80.902847','0','2019-12-25 12:26:00',5),(626,'NA-1000','6.259693','80.902847','0','2019-12-25 12:26:07',5),(627,'NA-1000','6.259693','80.902847','0','2019-12-25 12:26:13',5),(628,'NA-1000','6.259693','80.902847','0','2019-12-25 12:26:19',5),(629,'NA-1000','6.259680','80.902855','1','2019-12-25 12:26:27',5),(630,'NA-1000','6.259682','80.902863','0','2019-12-25 12:26:32',5),(631,'NA-1000','6.259682','80.902863','0','2019-12-25 12:26:39',5),(632,'NA-1000','6.259681','80.902855','0','2019-12-25 12:26:46',5),(633,'NA-1000','6.259681','80.902855','0','2019-12-25 12:26:51',5),(634,'NA-1000','6.259681','80.902855','0','2019-12-25 12:26:58',5),(635,'NA-1000','6.259681','80.902855','0','2019-12-25 12:27:05',5),(636,'NA-1000','6.259676','80.902863','0','2019-12-25 12:27:15',5),(637,'NA-1000','6.259676','80.902863','0','2019-12-25 12:27:23',5),(638,'NA-1000','6.259678','80.902870','0','2019-12-25 12:27:29',5),(639,'NA-1000','6.259677','80.902870','0','2019-12-25 12:27:35',5),(640,'NA-1000','6.259677','80.902870','0','2019-12-25 12:27:42',5),(641,'NA-1000','6.259677','80.902878','0','2019-12-25 12:27:47',5),(642,'NA-1000','6.259679','80.902878','0','2019-12-25 12:27:54',5),(643,'NA-1000','6.259679','80.902878','0','2019-12-25 12:28:01',5),(644,'NA-1000','6.259679','80.902878','0','2019-12-25 12:28:08',5),(645,'NA-1000','6.259679','80.902870','0','2019-12-25 12:28:13',5),(646,'NA-1000','6.259679','80.902870','0','2019-12-25 12:28:19',5),(647,'NA-1000','6.259679','80.902870','0','2019-12-25 12:28:26',5),(648,'NA-1000','6.259676','80.902870','0','2019-12-25 12:28:32',5),(649,'NA-1000','6.259677','80.902863','0','2019-12-25 12:28:38',5),(650,'NA-1000','6.259677','80.902863','0','2019-12-25 12:28:44',5),(651,'NA-1000','6.259685','80.902863','0','2019-12-25 12:28:50',5),(652,'NA-1000','6.259686','80.902863','0','2019-12-25 12:28:56',5),(653,'NA-1000','6.259686','80.902863','0','2019-12-25 12:29:02',5),(654,'NA-1000','6.259686','80.902863','0','2019-12-25 12:29:08',5),(655,'NA-1000','6.259685','80.902847','0','2019-12-25 12:29:16',5),(656,'NA-1000','6.259685','80.902847','0','2019-12-25 12:29:21',5),(657,'NA-1000','6.259685','80.902847','0','2019-12-25 12:29:29',5),(658,'NA-1000','6.259680','80.902847','0','2019-12-25 12:29:35',5),(659,'NA-1000','6.259667','80.902840','0','2019-12-25 12:29:40',5),(660,'NA-1000','6.259667','80.902840','0','2019-12-25 12:29:46',5),(661,'NA-1000','6.259667','80.902840','0','2019-12-25 12:29:54',5),(662,'NA-1000','6.259673','80.902847','0','2019-12-25 12:30:01',5),(663,'NA-1000','6.259673','80.902847','0','2019-12-25 12:30:06',5),(664,'NA-1000','6.259673','80.902847','0','2019-12-25 12:30:12',5),(665,'NA-1000','6.259667','80.902847','0','2019-12-25 12:30:19',5),(666,'NA-1000','6.259667','80.902847','0','2019-12-25 12:30:24',5),(667,'NA-1000','6.259667','80.902847','0','2019-12-25 12:30:31',5),(668,'NA-1000','6.259670','80.902847','0','2019-12-25 12:30:38',5),(669,'NA-1000','6.259670','80.902847','0','2019-12-25 12:30:43',5),(670,'NA-1000','6.259670','80.902847','0','2019-12-25 12:30:50',5),(671,'NA-1000','6.259670','80.902847','0','2019-12-25 12:30:56',5),(672,'NA-1000','6.259675','80.902847','0','2019-12-25 12:31:05',5),(673,'NA-1000','6.259680','80.902847','0','2019-12-25 12:31:09',5),(674,'NA-1000','6.259680','80.902847','0','2019-12-25 12:31:15',5),(675,'NA-1000','6.259680','80.902847','0','2019-12-25 12:31:23',5),(676,'NA-1000','6.259681','80.902847','0','2019-12-25 12:31:27',5),(677,'NA-1000','6.259681','80.902847','0','2019-12-25 12:31:34',5),(678,'NA-1000','6.259681','80.902847','0','2019-12-25 12:31:40',5),(679,'NA-1000','6.259677','80.902847','0','2019-12-25 12:31:47',5),(680,'NA-1000','6.259677','80.902847','0','2019-12-25 12:31:54',5),(681,'NA-1000','6.259677','80.902847','0','2019-12-25 12:32:02',5),(682,'NA-1000','6.259668','80.902847','0','2019-12-25 12:32:12',5),(683,'NA-1000','6.259668','80.902847','0','2019-12-25 12:32:18',5),(684,'NA-1000','6.259673','80.902847','0','2019-12-25 12:32:26',5),(685,'NA-1000','6.259672','80.902847','0','2019-12-25 12:32:30',5),(686,'NA-1000','6.259672','80.902847','0','2019-12-25 12:32:37',5),(687,'NA-1000','6.259672','80.902847','0','2019-12-25 12:32:43',5),(688,'NA-1000','6.259668','80.902855','0','2019-12-25 12:32:50',5),(689,'NA-1000','6.259668','80.902855','0','2019-12-25 12:32:56',5),(690,'NA-1000','6.259668','80.902855','0','2019-12-25 12:33:02',5),(691,'NA-1000','6.259667','80.902847','0','2019-12-25 12:33:08',5),(692,'NA-1000','6.259668','80.902847','0','2019-12-25 12:33:15',5),(693,'NA-1000','6.259668','80.902847','0','2019-12-25 12:33:20',5),(694,'NA-1000','6.259668','80.902847','0','2019-12-25 12:33:28',5),(695,'NA-1000','6.259660','80.902840','0','2019-12-25 12:33:34',5),(696,'NA-1000','6.259656','80.902840','0','2019-12-25 12:33:39',5),(697,'NA-1000','6.259656','80.902840','0','2019-12-25 12:33:46',5),(698,'NA-1000','6.259645','80.902840','0','2019-12-25 12:33:52',5),(699,'NA-1000','6.259643','80.902840','0','2019-12-25 12:34:00',5),(700,'NA-1000','6.259643','80.902840','0','2019-12-25 12:34:07',5),(701,'NA-1000','6.259641','80.902832','0','2019-12-25 12:34:11',5),(702,'NA-1000','6.259640','80.902832','0','2019-12-25 12:34:18',5),(703,'NA-1000','6.259640','80.902832','0','2019-12-25 12:34:24',5),(704,'NA-1000','6.259640','80.902832','0','2019-12-25 12:34:32',5),(705,'NA-1000','6.259659','80.902809','1','2019-12-25 12:34:36',5),(706,'NA-1000','6.259659','80.902809','1','2019-12-25 12:34:43',5),(707,'NA-1000','6.259659','80.902809','1','2019-12-25 12:34:49',5),(708,'NA-1000','6.259659','80.902802','0','2019-12-25 12:34:54',5),(709,'NA-1000','6.259660','80.902802','0','2019-12-25 12:35:00',5),(710,'NA-1000','6.259660','80.902802','0','2019-12-25 12:35:07',5),(711,'NA-1000','6.259660','80.902802','0','2019-12-25 12:35:14',5),(712,'NA-1000','6.259657','80.902802','0','2019-12-25 12:35:21',5),(713,'NA-1000','6.259657','80.902802','0','2019-12-25 12:35:26',5),(714,'NA-1000','6.259657','80.902802','0','2019-12-25 12:35:35',5),(715,'NA-1000','6.259675','80.902786','0','2019-12-25 12:35:39',5),(716,'NA-1000','6.259677','80.902779','0','2019-12-25 12:35:51',5),(717,'NA-1000','6.259663','80.902779','0','2019-12-25 12:35:58',5),(718,'NA-1000','6.259661','80.902779','0','2019-12-25 12:36:05',5),(719,'NA-1000','6.259661','80.902779','0','2019-12-25 12:36:11',5),(720,'NA-1000','6.259661','80.902779','0','2019-12-25 12:36:17',5),(721,'NA-1000','6.259664','80.902802','0','2019-12-25 12:36:24',5),(722,'NA-1000','6.259664','80.902802','0','2019-12-25 12:36:29',5),(723,'NA-1000','6.259664','80.902802','0','2019-12-25 12:36:38',5),(724,'NA-1000','6.259682','80.902809','0','2019-12-25 12:36:42',5),(725,'NA-1000','6.259693','80.902809','0','2019-12-25 12:36:49',5),(726,'NA-1000','6.259693','80.902809','0','2019-12-25 12:36:55',5),(727,'NA-1000','6.259693','80.902809','0','2019-12-25 12:37:02',5),(728,'NA-1000','6.259709','80.902809','0','2019-12-25 12:37:08',5),(729,'NA-1000','6.259706','80.902809','0','2019-12-25 12:37:14',5),(730,'NA-1000','6.259706','80.902809','0','2019-12-25 12:37:20',5),(731,'NA-1000','6.259706','80.902802','0','2019-12-25 12:37:26',5),(732,'NA-1000','6.259701','80.902802','0','2019-12-25 12:37:33',5),(733,'NA-1000','6.259701','80.902802','0','2019-12-25 12:37:40',5),(734,'NA-1000','6.259701','80.902802','0','2019-12-25 12:37:45',5),(735,'NA-1000','6.259698','80.902809','0','2019-12-25 12:37:52',5),(736,'NA-1000','6.259695','80.902817','0','2019-12-25 12:37:59',5),(737,'NA-1000','6.259695','80.902817','0','2019-12-25 12:38:06',5),(738,'NA-1000','6.259680','80.902824','0','2019-12-25 12:38:11',5),(739,'NA-1000','6.259678','80.902832','0','2019-12-25 12:38:17',5),(740,'NA-1000','6.259678','80.902832','0','2019-12-25 12:38:23',5),(741,'NA-1000','6.259671','80.902824','0','2019-12-25 12:38:30',5),(742,'NA-1000','6.259669','80.902824','0','2019-12-25 12:38:37',5),(743,'NA-1000','6.259669','80.902824','0','2019-12-25 12:38:43',5),(744,'NA-1000','6.259669','80.902824','0','2019-12-25 12:38:48',5),(745,'NA-1000','6.259679','80.902832','0','2019-12-25 12:38:56',5),(746,'NA-1000','6.259679','80.902832','0','2019-12-25 12:39:02',5),(747,'NA-1000','6.259679','80.902832','0','2019-12-25 12:39:08',5),(748,'NA-1000','6.259681','80.902824','0','2019-12-25 12:39:13',5),(749,'NA-1000','6.259681','80.902824','0','2019-12-25 12:39:20',5),(750,'NA-1000','6.259681','80.902824','0','2019-12-25 12:39:25',5),(751,'NA-1000','6.259681','80.902824','0','2019-12-25 12:39:32',5),(752,'NA-1000','6.259673','80.902824','0','2019-12-25 12:39:38',5),(753,'NA-1000','6.259664','80.902824','0','2019-12-25 12:39:46',5),(754,'NA-1000','6.259664','80.902824','0','2019-12-25 12:39:51',5),(755,'NA-1000','6.259620','80.902832','2','2019-12-25 12:39:58',5),(756,'NA-1000','6.259625','80.902863','0','2019-12-25 12:40:04',5),(757,'NA-1000','6.259625','80.902863','0','2019-12-25 12:40:09',5),(758,'NA-1000','6.259638','80.902863','0','2019-12-25 12:40:16',5),(759,'NA-1000','6.259650','80.902855','0','2019-12-25 12:40:22',5),(760,'NA-1000','6.259650','80.902855','0','2019-12-25 12:40:29',5),(761,'NA-1000','6.259650','80.902855','0','2019-12-25 12:40:34',5),(762,'NA-1000','6.259658','80.902840','0','2019-12-25 12:40:41',5),(763,'NA-1000','6.259658','80.902840','0','2019-12-25 12:40:49',5),(764,'NA-1000','6.259658','80.902840','0','2019-12-25 12:40:53',5),(765,'NA-1000','6.259655','80.902832','0','2019-12-25 12:41:00',5),(766,'NA-1000','6.259672','80.902840','0','2019-12-25 12:41:09',5),(767,'NA-1000','6.259672','80.902840','0','2019-12-25 12:41:14',5),(768,'NA-1000','6.259672','80.902840','0','2019-12-25 12:41:19',5),(769,'NA-1000','6.259683','80.902840','0','2019-12-25 12:41:26',5),(770,'NA-1000','6.259683','80.902840','0','2019-12-25 12:41:32',5),(771,'NA-1000','6.259683','80.902840','0','2019-12-25 12:41:38',5),(772,'NA-1000','6.259672','80.902847','0','2019-12-25 12:41:44',5),(773,'NA-1000','6.259665','80.902847','0','2019-12-25 12:41:53',5),(774,'NA-1000','6.259665','80.902847','0','2019-12-25 12:41:58',5),(775,'NA-1000','6.259667','80.902840','0','2019-12-25 12:42:04',5),(776,'NA-1000','6.259666','80.902840','0','2019-12-25 12:42:09',5),(777,'NA-1000','6.259666','80.902840','0','2019-12-25 12:42:15',5),(778,'NA-1000','6.259666','80.902840','0','2019-12-25 12:42:22',5),(779,'NA-1000','6.259661','80.902840','0','2019-12-25 12:42:28',5),(780,'NA-1000','6.259661','80.902840','0','2019-12-25 12:42:34',5),(781,'NA-1000','6.259661','80.902840','0','2019-12-25 12:42:41',5),(782,'NA-1000','6.259662','80.902832','0','2019-12-25 12:42:48',5),(783,'NA-1000','6.259659','80.902832','0','2019-12-25 12:42:55',5),(784,'NA-1000','6.259659','80.902832','0','2019-12-25 12:43:00',5),(785,'NA-1000','6.259659','80.902832','0','2019-12-25 12:43:06',5),(786,'NA-1000','6.259662','80.902840','0','2019-12-25 12:43:13',5),(787,'NA-1000','6.259658','80.902840','0','2019-12-25 12:43:19',5),(788,'NA-1000','6.259658','80.902840','0','2019-12-25 12:43:25',5),(789,'NA-1000','6.259656','80.902840','0','2019-12-25 12:43:34',5),(790,'NA-1000','6.259652','80.902840','0','2019-12-25 12:43:45',5),(791,'NA-1000','6.259652','80.902840','0','2019-12-25 12:43:51',5),(792,'NA-1000','6.259652','80.902832','0','2019-12-25 12:43:58',5),(793,'NA-1000','6.259652','80.902832','0','2019-12-25 12:44:03',5),(794,'NA-1000','6.259652','80.902832','0','2019-12-25 12:44:10',5),(795,'NA-1000','6.259654','80.902840','0','2019-12-25 12:44:15',5),(796,'NA-1000','6.259653','80.902847','0','2019-12-25 12:44:22',5),(797,'NA-1000','6.259653','80.902847','0','2019-12-25 12:44:27',5),(798,'NA-1000','6.259649','80.902855','0','2019-12-25 12:44:34',5),(799,'NA-1000','6.259646','80.902855','0','2019-12-25 12:44:43',5),(800,'NA-1000','6.259646','80.902855','0','2019-12-25 12:44:48',5),(801,'NA-1000','6.259646','80.902855','0','2019-12-25 12:44:53',5),(802,'NA-1000','6.259650','80.902840','0','2019-12-25 12:45:01',5),(803,'NA-1000','6.259685','80.902824','0','2019-12-25 12:45:05',5),(804,'NA-1000','6.259685','80.902824','0','2019-12-25 12:45:12',5),(805,'NA-1000','6.259705','80.902824','1','2019-12-25 12:45:19',5),(806,'NA-1000','6.259690','80.902824','1','2019-12-25 12:45:24',5),(807,'NA-1000','6.259690','80.902824','1','2019-12-25 12:45:31',5),(808,'NA-1000','6.259690','80.902824','1','2019-12-25 12:45:37',5),(809,'NA-1000','6.259687','80.902832','0','2019-12-25 12:45:44',5),(810,'NA-1000','6.259671','80.902878','0','2019-12-25 12:45:49',5),(811,'NA-1000','6.259671','80.902878','0','2019-12-25 12:45:56',5),(812,'NA-1000','6.259662','80.902855','0','2019-12-25 12:46:03',5),(813,'NA-1000','6.259665','80.902840','0','2019-12-25 12:46:09',5),(814,'NA-1000','6.259665','80.902840','0','2019-12-25 12:46:15',5),(815,'NA-1000','6.259667','80.902840','0','2019-12-25 12:46:21',5),(816,'NA-1000','6.259674','80.902832','0','2019-12-25 12:46:27',5),(817,'NA-1000','6.259674','80.902832','0','2019-12-25 12:46:33',5),(818,'NA-1000','6.259674','80.902832','0','2019-12-25 12:46:40',5),(819,'NA-1000','6.259678','80.902832','0','2019-12-25 12:46:47',5),(820,'NA-1000','6.259678','80.902832','0','2019-12-25 12:46:52',5),(821,'NA-1000','6.259678','80.902832','0','2019-12-25 12:47:00',5),(822,'NA-1000','6.259678','80.902832','0','2019-12-25 12:47:07',5),(823,'NA-1000','6.259680','80.902824','0','2019-12-25 12:47:12',5),(824,'NA-1000','6.259680','80.902824','0','2019-12-25 12:47:19',5),(825,'NA-1000','6.259690','80.902832','0','2019-12-25 12:47:25',5),(826,'NA-1000','6.259692','80.902840','0','2019-12-25 12:47:31',5),(827,'NA-1000','6.259692','80.902840','0','2019-12-25 12:47:37',5),(828,'NA-1000','6.259692','80.902840','0','2019-12-25 12:47:43',5),(829,'NA-1000','6.259702','80.902824','1','2019-12-25 12:47:50',5),(830,'NA-1000','6.259702','80.902824','1','2019-12-25 12:47:56',5),(831,'NA-1000','6.259702','80.902824','1','2019-12-25 12:48:02',5),(832,'NA-1000','6.259677','80.902824','0','2019-12-25 12:48:09',5),(833,'NA-1000','6.259671','80.902832','0','2019-12-25 12:48:17',5),(834,'NA-1000','6.259671','80.902832','0','2019-12-25 12:48:23',5),(835,'NA-1000','6.259671','80.902832','0','2019-12-25 12:48:28',5),(836,'NA-1000','6.259650','80.902832','1','2019-12-25 12:48:34',5),(837,'NA-1000','6.259650','80.902832','1','2019-12-25 12:48:40',5),(838,'NA-1000','6.259650','80.902832','1','2019-12-25 12:48:46',5),(839,'NA-1000','6.259653','80.902832','0','2019-12-25 12:48:53',5),(840,'NA-1000','6.259661','80.902832','0','2019-12-25 12:49:00',5),(841,'NA-1000','6.259661','80.902832','0','2019-12-25 12:49:05',5),(842,'NA-1000','6.259671','80.902817','0','2019-12-25 12:49:11',5),(843,'NA-1000','6.259675','80.902817','0','2019-12-25 12:49:18',5),(844,'NA-1000','6.259675','80.902817','0','2019-12-25 12:49:26',5),(845,'NA-1000','6.259675','80.902817','0','2019-12-25 12:49:31',5),(846,'NA-1000','6.259668','80.902840','0','2019-12-25 12:49:36',5),(847,'NA-1000','6.259668','80.902840','0','2019-12-25 12:49:43',5),(848,'NA-1000','6.259668','80.902840','0','2019-12-25 12:49:49',5),(849,'NA-1000','6.259660','80.902832','0','2019-12-25 12:49:56',5),(850,'NA-1000','6.259665','80.902832','0','2019-12-25 12:50:01',5),(851,'NA-1000','6.259665','80.902832','0','2019-12-25 12:50:08',5),(852,'NA-1000','6.259665','80.902832','0','2019-12-25 12:50:15',5),(853,'NA-1000','6.259688','80.902832','0','2019-12-25 12:50:21',5),(854,'NA-1000','6.259688','80.902832','0','2019-12-25 12:50:28',5),(855,'NA-1000','6.259688','80.902832','0','2019-12-25 12:50:33',5),(856,'NA-1000','6.259697','80.902824','0','2019-12-25 12:50:40',5),(857,'NA-1000','6.259697','80.902824','0','2019-12-25 12:50:45',5),(858,'NA-1000','6.259697','80.902824','0','2019-12-25 12:50:51',5),(859,'NA-1000','6.259702','80.902817','0','2019-12-25 12:50:57',5),(860,'NA-1000','6.259690','80.902809','0','2019-12-25 12:51:04',5),(861,'NA-1000','6.259690','80.902809','0','2019-12-25 12:51:11',5),(862,'NA-1000','6.259690','80.902809','0','2019-12-25 12:51:17',5),(863,'NA-1000','6.259685','80.902802','0','2019-12-25 12:51:23',5),(864,'NA-1000','6.259685','80.902802','0','2019-12-25 12:51:31',5),(865,'NA-1000','6.259685','80.902802','0','2019-12-25 12:51:35',5),(866,'NA-1000','6.259686','80.902809','0','2019-12-25 12:51:41',5),(867,'NA-1000','6.259684','80.902809','0','2019-12-25 12:51:49',5),(868,'NA-1000','6.259684','80.902809','0','2019-12-25 12:51:54',5),(869,'NA-1000','6.259692','80.902817','0','2019-12-25 12:52:01',5),(870,'NA-1000','6.259677','80.902824','0','2019-12-25 12:52:07',5),(871,'NA-1000','6.259677','80.902824','0','2019-12-25 12:52:14',5),(872,'NA-1000','6.259677','80.902824','0','2019-12-25 12:52:20',5),(873,'NA-1000','6.259619','80.902855','1','2019-12-25 12:52:26',5),(874,'NA-1000','6.259630','80.902863','1','2019-12-25 12:52:33',5),(875,'NA-1000','6.259630','80.902863','1','2019-12-25 12:52:39',5),(876,'NA-1000','6.259647','80.902855','1','2019-12-25 12:52:46',5),(877,'NA-1000','6.259681','80.902832','3','2019-12-25 12:52:51',5),(878,'NA-1000','6.259681','80.902832','3','2019-12-25 12:52:57',5),(879,'NA-1000','6.259681','80.902832','3','2019-12-25 12:53:03',5),(880,'NA-1000','6.260000','80.903366','9','2019-12-25 12:53:09',5),(881,'NA-1000','6.260000','80.903366','9','2019-12-25 12:53:16',5),(882,'NA-1000','6.260000','80.903366','9','2019-12-25 12:53:22',5),(883,'NA-1000','6.260161','80.903961','15','2019-12-25 12:53:29',5),(884,'NA-1000','6.260298','80.904144','12','2019-12-25 12:53:36',5),(885,'NA-1000','6.260298','80.904144','12','2019-12-25 12:53:42',5),(886,'NA-1000','6.260515','80.904381','9','2019-12-25 12:53:48',5),(887,'NA-1000','6.260705','80.904510','15','2019-12-25 12:53:55',5),(888,'NA-1000','6.260705','80.904510','15','2019-12-25 12:54:01',5),(889,'NA-1000','6.260705','80.904510','15','2019-12-25 12:54:07',5),(890,'NA-1000','6.261155','80.904778','13','2019-12-25 12:54:13',5),(891,'NA-1000','6.261155','80.904778','13','2019-12-25 12:54:20',5),(892,'NA-1000','6.261155','80.904778','13','2019-12-25 12:54:26',5),(893,'NA-1000','6.261820','80.905212','11','2019-12-25 12:54:32',5),(894,'NA-1000','6.261820','80.905212','11','2019-12-25 12:54:39',5),(895,'NA-1000','6.261820','80.905212','11','2019-12-25 12:54:44',5),(896,'NA-1000','6.262375','80.905563','7','2019-12-25 12:54:50',5),(897,'NA-1000','6.262536','80.905472','11','2019-12-25 12:54:57',5),(898,'NA-1000','6.262536','80.905472','11','2019-12-25 12:55:04',5),(899,'NA-1000','6.262536','80.905472','11','2019-12-25 12:55:10',5),(900,'NA-1000','6.263114','80.905174','13','2019-12-25 12:55:17',5),(901,'NA-1000','6.263114','80.905174','13','2019-12-25 12:55:23',5),(902,'NA-1000','6.263114','80.905174','13','2019-12-25 12:55:29',5),(903,'NA-1000','6.263888','80.904732','20','2019-12-25 12:55:34',5),(904,'NA-1000','6.263888','80.904732','20','2019-12-25 12:55:42',5),(905,'NA-1000','6.263888','80.904732','20','2019-12-25 12:55:47',5),(906,'NA-1000','6.264829','80.903885','24','2019-12-25 12:55:53',5),(907,'NA-1000','6.265042','80.903564','25','2019-12-25 12:56:00',5),(908,'NA-1000','6.265042','80.903564','25','2019-12-25 12:56:06',5),(909,'NA-1000','6.265685','80.902786','28','2019-12-25 12:56:13',5),(910,'NA-1000','6.266041','80.902519','25','2019-12-25 12:56:20',5),(911,'NA-1000','6.266041','80.902519','25','2019-12-25 12:56:26',5),(912,'NA-1000','6.266041','80.902519','25','2019-12-25 12:56:32',5),(913,'NA-1000','6.267260','80.902161','23','2019-12-25 12:56:39',5),(914,'NA-1000','6.267260','80.902161','23','2019-12-25 12:56:45',5),(915,'NA-1000','6.267260','80.902161','23','2019-12-25 12:56:51',5),(916,'NA-1000','6.268674','80.901962','29','2019-12-25 12:56:57',5),(917,'NA-1000','6.269148','80.901894','28','2019-12-25 12:57:04',5),(918,'NA-1000','6.269148','80.901894','28','2019-12-25 12:57:13',5),(919,'NA-1000','6.270613','80.901688','29','2019-12-25 12:57:23',5),(920,'NA-1000','6.270613','80.901688','29','2019-12-25 12:57:29',5),(921,'NA-1000','6.270613','80.901688','29','2019-12-25 12:57:34',5),(922,'NA-1000','6.272124','80.901596','33','2019-12-25 12:57:41',5),(923,'NA-1000','6.272124','80.901596','33','2019-12-25 12:57:48',5),(924,'NA-1000','6.272124','80.901596','33','2019-12-25 12:57:54',5),(925,'NA-1000','6.273618','80.901077','32','2019-12-25 12:58:00',5),(926,'NA-1000','6.273618','80.901077','32','2019-12-25 12:58:06',5),(927,'NA-1000','6.273618','80.901077','32','2019-12-25 12:58:12',5),(928,'NA-1000','6.275239','80.900269','40','2019-12-25 12:58:18',5),(929,'NA-1000','6.275848','80.900085','41','2019-12-25 12:58:25',5),(930,'NA-1000','6.275848','80.900085','41','2019-12-25 12:58:31',5),(931,'NA-1000','6.275848','80.900085','41','2019-12-25 12:58:37',5),(932,'NA-1000','6.277551','80.899666','35','2019-12-25 12:58:43',5),(933,'NA-1000','6.277551','80.899666','35','2019-12-25 12:58:51',5),(934,'NA-1000','6.277551','80.899666','35','2019-12-25 12:58:56',5),(935,'NA-1000','6.279502','80.899155','48','2019-12-25 12:59:02',5),(936,'NA-1000','6.279502','80.899155','48','2019-12-25 12:59:10',5),(937,'NA-1000','6.279502','80.899155','48','2019-12-25 12:59:15',5),(938,'NA-1000','6.281596','80.898621','45','2019-12-25 12:59:21',5),(939,'NA-1000','6.282238','80.898491','44','2019-12-25 12:59:28',5),(940,'NA-1000','6.282238','80.898491','44','2019-12-25 12:59:34',5),(941,'NA-1000','6.282238','80.898491','44','2019-12-25 12:59:41',5),(942,'NA-1000','6.284018','80.898010','41','2019-12-25 12:59:47',5),(943,'NA-1000','6.284018','80.898010','41','2019-12-25 12:59:53',5),(944,'NA-1000','6.284018','80.898010','41','2019-12-25 12:59:59',5),(945,'NA-1000','6.285688','80.897621','28','2019-12-25 13:00:05',5),(946,'NA-1000','6.285688','80.897621','28','2019-12-25 13:00:13',5),(947,'NA-1000','6.285688','80.897621','28','2019-12-25 13:00:18',5),(948,'NA-1000','6.287091','80.897202','35','2019-12-25 13:00:24',5),(949,'NA-1000','6.287580','80.896996','34','2019-12-25 13:00:31',5),(950,'NA-1000','6.287580','80.896996','34','2019-12-25 13:00:38',5),(951,'NA-1000','6.287580','80.896996','34','2019-12-25 13:00:44',5),(952,'NA-1000','6.289034','80.896332','29','2019-12-25 13:00:56',5),(953,'NA-1000','6.290109','80.895416','28','2019-12-25 13:01:21',5),(954,'NA-1000','6.290696','80.894096','31','2019-12-25 13:01:27',5),(955,'NA-1000','6.290815','80.893631','31','2019-12-25 13:01:34',5),(956,'NA-1000','6.290815','80.893631','31','2019-12-25 13:01:40',5),(957,'NA-1000','6.290815','80.893631','31','2019-12-25 13:01:46',5),(958,'NA-1000','6.291028','80.892265','27','2019-12-25 13:01:52',5),(959,'NA-1000','6.291028','80.892265','27','2019-12-25 13:01:59',5),(960,'NA-1000','6.291028','80.892265','27','2019-12-25 13:02:05',5),(961,'NA-1000','6.291234','80.890968','24','2019-12-25 13:02:11',5),(962,'NA-1000','6.291234','80.890968','24','2019-12-25 13:02:18',5),(963,'NA-1000','6.291234','80.890968','24','2019-12-25 13:02:25',5),(964,'NA-1000','6.291361','80.889420','30','2019-12-25 13:02:31',5),(965,'NA-1000','6.291454','80.889000','29','2019-12-25 13:02:37',5),(966,'NA-1000','6.291454','80.889000','29','2019-12-25 13:02:43',5),(967,'NA-1000','6.291454','80.889000','29','2019-12-25 13:02:49',5),(968,'NA-1000','6.291823','80.887672','31','2019-12-25 13:02:55',5),(969,'NA-1000','6.291823','80.887672','31','2019-12-25 13:03:02',5),(970,'NA-1000','6.291823','80.887672','31','2019-12-25 13:03:13',5),(971,'NA-1000','6.292329','80.886383','26','2019-12-25 13:04:15',5),(972,'NA-1000','6.294994','80.882454','40','2019-12-25 13:05:20',5),(973,'NA-1000','6.300145','80.876366','53','2019-12-25 13:06:13',5),(974,'NA-1000','6.303077','80.872093','42','2019-12-25 13:07:15',5),(975,'NA-1000','6.311100','80.867477','56','2019-12-25 13:08:33',5),(976,'NA-1015','5.943375	','80.549609','0','2020-01-05 19:15:08',6),(977,'NA-1015','5.943139','80.549725','20','2020-01-05 19:21:08',6),(978,'NA-1015','5.943083',' 80.550344','50','2020-01-05 19:27:08',6),(979,'NA-1015','5.942987',' 80.551144','50','2020-01-05 19:33:08',6),(980,'NA-1015','5.942897',' 80.552078','45','2020-01-05 19:39:08',6),(981,'NA-1015','5.942832','80.552929','50','2020-01-05 19:45:08',6),(982,'NA-1015','5.942724','80.553800','45','2020-01-05 19:52:08',6),(983,'NA-1015','5.942573','80.554805','40','2020-01-05 20:00:08',6),(984,'NA-1015','5.942431','80.555798','30','2020-01-05 20:04:08',6),(985,'NA-1015','5.942294','80.556875','20','2020-01-05 20:09:08',6),(986,'NA-1015','5.942163','80.557810','40','2020-01-05 20:12:08',6),(987,'NA-1015','5.941959','80.558729','50','2020-01-05 20:19:08',6),(988,'NA-1015','5.941620','80.559709','50','2020-01-05 20:25:08',6),(989,'NA-1015','5.941462','80.560650','42','2020-01-05 20:32:08',6),(990,'NA-1015','5.941836','80.561428','35','2020-01-05 20:38:08',6),(991,'NA-1015','5.941848','80.562381','45','2020-01-05 20:39:08',6),(992,'NA-1015','5.941587','80.563338','50','2020-01-05 20:45:08',6),(993,'NA-1015','5.941222','80.564300','40','2020-01-05 20:50:08',6),(994,'NA-1015','5.941059','80.565277','35','2020-01-05 20:55:08',6),(995,'NA-1015','5.941399','80.566400','44','2020-01-05 21:05:08',6),(996,'NA-1015','5.941180','80.567313','51','2020-01-05 21:12:08',6),(997,'NA-1015','5.941951','80.567926','50','2020-01-05 21:18:08',6),(998,'NA-1015','5.942905','80.568443','48','2020-01-05 21:22:08',6),(999,'NA-1015','5.942538','80.569289','49','2020-01-05 21:28:08',6),(1000,'NA-1015','5.942230','80.570154','46','2020-01-05 21:34:08',6),(1001,'NA-1015','5.941835','80.570993','50','2020-01-05 21:40:08',6),(1002,'NA-1015','5.941409','80.571916','50','2020-01-05 21:45:08',6),(1003,'NA-1015','5.941047','80.572990','52','2020-01-05 21:50:08',6),(1004,'NA-1015','5.940306','80.573798','49','2020-01-05 21:53:08',6),(1005,'NA-1015','5.939447','80.573585','48','2020-01-05 21:59:08',6),(1006,'NA-1015','5.938696','80.573521','49','2020-01-05 22:05:08',6),(1007,'NA-1015','5.938069','80.574205','46','2020-01-05 22:10:08',6),(1008,'NA-1015','5.937464','80.574576','45','2020-01-05 22:15:08',6),(1009,'NA-1015','5.936691','80.574512','44','2020-01-05 22:22:08',6),(1010,'NA-1015','5.936204','80.575343','50','2020-01-05 22:25:08',6),(1011,'NA-1015','5.935870','80.576082','45','2020-01-05 22:32:08',6),(1012,'NA-1015','5.935569','80.576880','40','2020-01-05 22:40:08',6);
/*!40000 ALTER TABLE `test_bus` ENABLE KEYS */;
UNLOCK TABLES;
/*!40103 SET TIME_ZONE=@OLD_TIME_ZONE */;

/*!40101 SET SQL_MODE=@OLD_SQL_MODE */;
/*!40014 SET FOREIGN_KEY_CHECKS=@OLD_FOREIGN_KEY_CHECKS */;
/*!40014 SET UNIQUE_CHECKS=@OLD_UNIQUE_CHECKS */;
/*!40101 SET CHARACTER_SET_CLIENT=@OLD_CHARACTER_SET_CLIENT */;
/*!40101 SET CHARACTER_SET_RESULTS=@OLD_CHARACTER_SET_RESULTS */;
/*!40101 SET COLLATION_CONNECTION=@OLD_COLLATION_CONNECTION */;
/*!40111 SET SQL_NOTES=@OLD_SQL_NOTES */;

-- Dump completed on 2020-03-18 22:49:14
